aai	Minaifia NT
aak	Minaifia NT
aau	Abau NT
aaz	Amarasi Bible
abc	Ayta Ambala NT Portions
abt-maprik	Ambulas Maprik NT
abt-wosera	Ambulas Wosera NT
abx	Inabaknon NT
aby	Aneme Wake NT
acfNT	Saint Lucian Creole French NT
acr-acc	New Testament in Achi
acrNNT	Achi Rabinal NT (new orthography)
acrTNT	Achi Rabinal NT (traditional orthography)
acuNT	Achuar-shiwiar Bible
adt	Adnyamathanha Christmas Story
adz	Adzera Bible
aer	Eastern Arrente Bible
aey	Amele Genesis
agd	Agarabi NT
agg	Angor NT
agm	Angaataha NT
agn	Agutaynen NT
agr	Aguaruna Bible
agt	Central Cagayan Agta
aguBl	Aguacateco Bible
ahr	Ahirani Matthew and Mark
aia	Arosi New Testament
aii	Assyrian Neo-Aramaic NT with Psalms
akeNT	Akawaio NT
alh	Alawa Song Book
alpNT	Alune NT
alqALGNT	Algonquin NT
alw	Alaba-K’abeena NT
aly	Alyawarr Bible
ameNT	Yanesha' NT
amf	Banna NT
amh	Amharic NT
amk	Ambai NT
amm	Ama NT
amn-amanab	Amanab NT
amn-n	Amanab Naineri NT
amo	Amo NT
amp	Alamblak NT
amrNT	New Testament in Amarakaeri (PE:amr:Amarakaeri)
amuNT	New Testament in Amuzgo, Guerrero (MX:amu:Amuzgo, Guerrero)
amx	Anmatyerr Bible
anh	Mark in Nend
anvNT	New Testament in Denya (CM:anv:Denya)
aoi	Anindilyakwa Bible
aoj	Mufian NT
aoj-filifita	Filifita NT
aom	Omie NT
aon	Arapesh NT
apb	Sa'a New Testament
apeB	Bukiyip NT
apec	Coastal Arapesh NT
apnNT	Apinayé NT
app	Apma Jona
apr	Arop-Lokep
apuNT	Apurinã NT
apwNT	Western Apache NT
apz	Ampeeli-Wojokeso NT with Genesis
aqk	Aninka Bible
arb-vd	Arabic Van Dyck Bible
arbnav	New Arabic Version (Book of Life)
are	Western Arrarnta NT
arlNT	Arabela NT
arnNT	Mapudungun NT
arp	Arapaho Luke
asg	Cishingini Bible
asj	Sari NT
asmfb	Assamese Indian Revised Version Bible
aso	Dano NT
ata	Ata Bible
atbNT	Zaiwa NT
atdNT	Ata Manobo NT
atgNT	Ivbie North-Okpela-Arhe NT
att	Pamplona Atta NT
aucNT	Waorani NT
aui	Anuki Bible Portions
auy	Awiyaana NT
avt	Au NT
awb	Awa NT
awk	Awabakal Luke
awx	Awara Bible portions
azb	Azerbaijani Bible
azgNT	San Pedro Amuzgos NT
azzNT	Highland Puebla Nahuatl NT
baoNT	Waimaha NT
bba	Bariba Bible
bbb	Barai Bible
bbd	Bau Bible Story
bbr	Girawa NT
bbr2013	New Testament in Girawa
bch	Bariai Bible
bco	Kaluli Bible portions
bdd	Bunama NT
bdv	Bodo Parja: BOPO Bible
bea	Beaver Mark
bef	Benabena NT
bel	Belarusan Bible, A. Boken
beln	Belarusian New Testament and Books of Old Testament
benirv	Bengali Indian Revised Version Bible: ইন্ডিয়ান রিভাইজড ভার্সন (IRV) - বেঙ্গলী
benobcv	Open Bengali Contemporary Version Bible
beo	Bedamuni Bible
beu	Pura Bible
bfz	Baghlayani Bible
bgc	Haryanvi Bible
bgg	Bugun Bible
bgs	Tagabawa Bible
bgt	Bughotu New Testament
bhd	Bhadrawahi Bible
bhg	Binandere NT
bhi	Bhilali: भगवानेन छाचला बुल (Bible)
bhl	Bimin NT
bht	Bhattiyali Bible
bhu	Bhumiya Bible
big	Biangai NT
big2013	New Testament in Biangai
bjk	Barok NT
bjp	Fanamaket NT
bjr	Binumarien Bible
bjvNT	Bedjond NT
bjz	Baruga NT
bkd	Binukid NT
bki	Baki NT
bkqNT	Bakairí NT
bkw	Bekwel NT
bkx	Baikeno Mark
bla	Blackfoot Matthew
blw	Balangao NT
blzNT	Balantak NT
bmh	Kein NT
bmk	Ghayavi Mark
bmrNT	Muinane NT
bmu	Somba-Siawari Bible
bnp	Bola Bible
boaNT	Bora NT
bodn	New Tibetan Bible
boj	Anjam NT 2000
boj2014	Anjam NT 2014  with  Psalms
bon	Bine NT
bou	Bondei Bible
boxNT	Buamu NT
bpr	Koronadal Blaan NT
bps	Sarangani Blaan NT
bpx	Bareli, Palya: भगवान ना खरला बोल (Bible)
bqcsim	Boko (Benin) Bible
bqp	Bisa Bible
breBRG	Breton Gospels
bsj	Bangwinji NT
bsnNT	Barasana-Eduria NT
bsp	Baga Sitemu Bible Portions
bssNT	Akoose NT
bswe	Baiso: አማቶ ኦኡሱብ (New Testament)
bswl	Baiso NT (Latin)
buj	Basa-Gurmana MAT
buk	Bukawa NT
bus	Bokobaru Bible
bvd	Baegu New Testament
bvr	Burarra Scriptures
bvw	Boga NT
bwc	Bwile: Bwile Bible Translation (Bible)
bwo	Borna NT Latin Version
bxh	Buhutu Bible
byr	Baruya NT with Genesis
byr-w	Yipma Wagamwa NT
byx	Qaqet Bible
bzdNTpo	Bribri Bible
bzh	Buang NT
bzj	New Testament in Belize Kriol English (BH:bzj:Belize Kriol English)
caa	Chorti Bible
cabNT	Suau Bible
cac	Chuj San Mateo Bible
cafNT	Southern Carrier NT
cak	Kaqchikel Chimaltenango NT
cakCNT	Kaqchikel NT
cakENT	Eastern Kaqchikel NT
cakNT	Kaqchikel Sur de Sacatepequez NT
cakSNT	Santa Maria de Jesus Kaqchikel NT
cakWNT	Western Solola Kaqchikel NT
cakYNT	SW Yepocapa and Acatenango Kaqchikel NT
caoNT	Chácobo NT
capNT	Chipaya NT
cavNT	Cavineña NT
caxNT	Chiquitano NT
cbcNT	Carapana NT
cbiNTpo	Chachi Bible
cbk	Chavacano NT
cbrNT	Cashibo-Cacataibo NT
cbsNT	Kashinawa NT
cbtNTpo	Chayahuita NT
cbuNT	Candoshi-Shapra NT
cbv	Cacua NT
ccoNT	Comaltepec Chinantec NT
cdz	Koda Bible
cebocb	Cebuano: Biblica® Open Ang Pulong sa Dios (Bible)
cebulb	Cebuano Bible
cekak	Asang Khongca Bible
ces1613	Czech Kralická Bible 1613
ceslb	Czech Living New Testament
cesnkb	Czech NBK NT
cfm	Falam Chin Bible
cgc	Kagayanen NT
cha	Chamorro Gospels, Acts, and Psalms
chdNT	Highland Oaxaca Chontal NT
chfNT	Tabasco Chontal NT
chk	Chuukese Bible
chqNT	Quiotepec Chinantec NT
chzNTps	Ozumacín Chinantec NT
cjoNT	Ashéninka Pajonal NT
cjv	Chuave NT
ckb	Kurdish Sorani Bible
cleNT	Lealao Chinantec NT
clu	Caluyanun NT
cmeNT	New Testament in Cerma (UV:cme:Cerma)
cmn-cu89s	Chinese Union Version (simplified)
cmn-cu89t	Chinese Union Version (traditional)
cmncbs	Mandarin Chinese Open Contemporary Bible (Simplified)
cmncbt	Chinese, Mandarin: Biblica® 聖經，當代譯本開放資源 (Bible)
cmnfeb	Chinese, Mandarin: 免费的易读圣经 Free Easy-to-read Bible (Bible)
cniNT	Asháninka NT
cnlNT	Lalana Chinantec NT
cntNT	Tepetotutla Chinantec NT
cofNT	Colorado NT
conNTpo	Cofán Bible
copbhc	Coptic Boharic NT
copcnt	Coptic NT
copshc	Coptic Sahidic NT
cotNT	New Testament in Caquinte (PE:cot:Caquinte)
cpaNT	Palantla Chinantec NT
cpbNT	Ucayali-yurúa Ashéninka NT
cpcNT	Ajyíninka Apurucayali NT
cpuNT	Pichis Ashéninka NT
cpy	South Ucayali Ashéninka Bible
crnNT	El Nayar Presidio De Los Reyes Cora NT
crxNTpo	Carrier NT
csoNT	Sochiapam Chinantec NT
csy	Siyin Chin NT
ctaNT	Tataltepec Chatino NT
cth	Thai Phum Bible
ctpNT	Western Highland Chatino NT
ctu76	Chol NT
ctuBl	Chol Tumbala Bible
ctucti	Chol de Tila Bible
cubNT	Cubeo NT
cucNT	Usila Chinantec NT
cug	Chung NT
cui	Cuiba NT
cuk	San Blas Kuna Bible
cuk09	San Blas Kuna NT 2009
cutNT	Teutila NT
cuxNT	Tepeuxila Cuicatec NT
cwe	Kwere NT
cya	Nopala Chatino NT
daaNT	Dangaléat NT
dad	Marik NT
dah	Gwahatike NT
dan1931	Danish Bible 1931
dao	Daai Chin NT
ded	Dedua NT with Psalms
deu1912	German Luther Bible 1912
deu1951	German Schlachter Bible 1951
deuelbbk	German ELBBK Bible
deuelo	German Unrevised Elberfelder Bible
deutkw	German Textbibel
dgc	Casiguran Dumagat Agta NT
dgrDOGNT	Dogrib Bible
dgz	Daga Bible
dhg	Djangu Bible Portions
dhgdol	Warramiri Ḏolttji Selections
dhgduwadha	Dhuwa-Dhaŋu'mi Mark  with  Selections
dhn	Dhanki: परमेश्वरन सत्य वचन The New Testament in the Dhanki language of India, Devanagari script
dif	Dieri NT
dikNT	Southwestern Dinka NT
dji	Djinang Bible Portions
djj	Ndjébbana Bible Portions
djkNT	Eastern Maroon Creole NT
djr	Djambarrpuyngu NT
dne	Ndendeule NT
dnv	Danu NT
dob	Dobu NT
dop	Lokpa Bible
dov	Dombe NT
dso	Desiya NT
dwrENT	Dawro Bible (Ethoipic script)
dwrNT	Dawro NT (Latin script)
dwrl	The Holy Bible in the Dawuro language of Ethiopia, Latin script
dwu	Dhuwal Selections
dwuliv	Liyagawumirr Luke
dww	Dawawa NT
dwy	Dhuwaya Mark  with  Acts 1:8-11
ebk	Eastern Bontok NT
eka	Ekajuk Bible
ekk	Estonian Contemporary NT
ekkpkp	Estonian Bible: Piibel Kõigile
eko	Kote Bible
emi	Mussau-Emira Bible
empNTpo	Northern Emberá NT
ena	Apali NT
eng-Brenton	Brenton English Septuagint
eng-asv	American Standard Version (1901)
eng-glw	God's Living Word
eng-kjv	King James Version  with  Apocrypha
eng-kjv2006	King James Version
eng-lxx2012	LXX2012 U. S. English
eng-rv	Revised Version
eng-t4t	Translation for Translators
eng-uk-lxx2012	British English Septuagint 2012
eng-web	World English Bible Classic
eng-web-c	World English Bible (Catholic)
eng-webbe	World English Bible British Edition with Deuterocanon
engBBE	Bible in Basic English
engDBY	Darby Translation
engDRA	Douay-Rheims 1899
engPEV	Plain English Version
engULB	Unlocked Literal Bible
engWycliffe	Wycliffe Bible portions
engaoi	Anindilyakwa English Bible
engasvbt	ASV Byzantine Text
engbarkly	Barkly Bible Portions
engbsb	English Berean Standard Bible
engemtv	English Majority Text Version
engf35	Family 35 NT
engfbv	Free Bible Version
enggnv	Geneva Bible 1599
engjps	JPS TaNaKH 1917
engkjvcpb	KJV Cambridge Paragraph
englee	Leeser Tanakh
englsv	English LSV
englxxup	Updated Brenton English Septuagint
engmsb	Majority Standard BIble
engnet	NET Bible
engnna	Nyangumarta English Bible
engnoy	Noyes Bible
engoebcw	Open English Bible (Commonwealth)
engoebus	Open English Bible (US)
engojb	The Orthodox Jewish Bible -  Tanakh and Orthodox Jewish Brit Chadasha - The Holy Bible
engoke	Targum Onkelos Etheridge
engourb	One Unity Resource Bible
engtcent	Text-Critical English NT
engtnt	Tyndale NT
engwebp	World English Bible
engwebpb	World English Bible British Edition
engwebster	Webster Bible
engwebu	World English Bible Updated
engwmb	World Messianic Bible
engwmbb	World Messianic Bible British Edition
engwyc2017	English: Wycliffe's Bible Modern Spelling (with Deuterocanon)
engwyc2018	English: Wycliffe's Bible Modern Spelling (Enhanced) (with Deuterocanon)
engylt	Young's Literal Translation
enq2	Enga NT
epo	Esperanto Bible
eri	Ogea NT
eseNT	Ese Ejja NT
eskNT	Northwest Alaska Eskimo NT
etr	Edolo Bible
ewe	Éwé Bible
faa	Fasu NT
fad	Wagi Luke
fai	Faiwol NT
far	Fataleka New Testament
ffm	Maasina Fulfulde NT
fin	Finnish: Biblica® Avoin Elävä uutinen: Uusi testamentti vapaasti kerrottuna (New Testament)
for	Fore NT
fraLSG	French Louis Segond 1910 Bible
fra_fob	French Ostervald Bible
frajnd	French: Bible J.N. Darby
francl	French néo-Crampon Libre
frasbl	French Free Holy Bible for the World
fue	Fulfulde Borgu NT
fuf	Pular Fuuta-Jallon New Testament
fuhbkf	Fulfulde Burkina NT
gah	Alekano Bible
gai	New Testament in Mborena Kam language
gam	Kandawo NT
gaq	Gata Didayi NT
gaw	Nobnob NT
gax	Guji Oromo Bible
gaz	New Oromo Contemporary Version
gaze	West Central Oromo Bible
gbl	Gamit Bible
gdf	Guduf-Gava NT
gdn	Umanakaina NT
gdr	Wipi NT
geb	Kire NT
gel	ut-Ma’in: ut-Mai'n Scripture portions (Bible)
gfk	Patpatar NT and Psalms
gfkh	Hinsaal NT
gfks	Sokarek NT
gge	Gurrgoni Selections
ghn	Ghanongga: Kubokota Adapt New Testament (Bible)
ghs	Guhu-Samane NT
gia	Kitja Jonah
glk	Gilaki John
glwl	Glavda NT Portion
gmvRNT	Gamo NT
gmve	Gamo Bible
gmvggm	Gamo NT
gmvl	Gamo Bible (Latin)
gngNT	Ngangam NT
gnn	Gumatj Bible
gnwNT	Western Bolivian Guaraní NT
gofENT	Gofa NT (Ethiopic script)
gofRNT	Gofa NT (Latin script)
gofe	Gofa: ጌሻ ማፃፋ Bible
gofl	Gofa Bible Latin
gofwftw	Gofa NT
goj	Gowlan NT
gok	Gawli NT
grc-tisch	Tischendorf Greek NT
grcbrent	Brenton Septuagint
grcbyz	Byzantine Greek  NT
grcf35	Greek NT Family 35
grcmt	Greek Majority Text NT
grcsbl	SBL Greek NT
grcsr	Solid Rock Greek New Testament
grctcgnt	Text-Critical Greek NT
grctr	Textus Receptus
gubBl	Guajajára Bible
gue	Gurindji Scripture Portions
guf	Gupapuyngu Bible Portions
guh	Guahibo NT
guiNT	Eastern Bolivian Guaraní NT
guj2017	Gujarati Indian Revised Version Bible
gulNT	Sea Island Creole English NT
gum	Guambiano NT
gun	Mbyá Guaraní NT
guoNT	Guayabero NT
gup	Kunwinjku Bible
gupk	Kuninjku Gospel Selections
gupmay	Mayali Selections
gux	Gourmanchéma NT
guxg	Gourmanchéma NT
gvc	Guanano NT
gvf	Golin NT
gvn	Kuku-Yalanji Bible
gvs	Gumawana Bible
gwiNT	Gwich'in NT
gyl	Goyil NT
gymNT	Ngäbere NT
gyrNT	Guarayu NT
gyz	Geji NT
hat	Haitian Creole Bible 1985
hatbsa	Haitian Creole Bible 2023
hausa	Hausa Contemporary Bible
hauulb	Hausa NT
hav	Havu NT
haw1868	Hawaiian Bible 1868
hbo	Hebrew Masoretic OT
hboWLC	Westminster Leningrad Codex Hebrew OT
hch	Huichol Bible 2020
hchNT	Huichol NT 1988
heb	Modern Hebrew Bible
heblb	Hebrew Living NT
hebsg	Salkinson Hebrew NT
hebwlc	Hebrew OT (WLC)
hegNTpo	Helong Bible
hil	Hiligaynon: Biblica® Libre Ang Pulong Sang Dios (Bible) for the Philippines
hin2017	Hindi Indian Revised Version Bible
hincv	Hindi Contemporary Version Bible
hixNT	Hixkaryána NT
hla	Halia NT
hlb	Halbi NT
hlt	Matupi Chin Standard Bible w/ Strongs
hltmcsb	Matupi Chin Standard Bible 2019
hltthb	Tuivang Matu Chin Bible
hmo	Hiri Motu Bible
hne	Chhattisgarhi Bible
hnsNT	Caribbean Hindustani NT
hopNT	Hopi NT
hot	Malei-Hote NT
hoy	Holiya Bible
hrebt	Hre NT (Baq Thi)
hru	Hruso: Aka (Hrusso) Bible (Portions)
hrv	Croatian Bible
hrvbib	Croatian NT (Biblica)
hrw	Feni NT
hto	Minica Huitoto NT
hubNT	Huambisa NT
hui	Huli Bible
hun	Hungarian Bible
husNT1971	Huastec San Luis Potosi NT
husNT2005	Huastec Aquiche NT
huuNT	Murui Huitoto
huvNT	San Mateo Del Mar Huave NT
hvn	Hawu Mark
hwo	Hwana Bible
ian	Iatmul NT
ibd	Iwaidja Selections
ibo	Igbo Bible
idc	Ajiya: Ajigha NT Portion (New Testament)
ignNT	Ignaciano NT
ikkNT	Ika NT
ikwNT	Ikwere NT
ikz	Ikizu NT
iloulb	Ilocano Bible
imo	Imbo Ungu NT
inb	Inga NT
ind	Indonesian Bible (TSI)
indags	Indonesian Bible for All
indayt	Indonesian AYT Bible
ino	Inoke-Yate NT
ino2013	New Testament in Inoke-Yate
iou	Tuma-Irumu Bible
ipi	Ipili Bible
isl	Icelandic: Biblica® Opna Lifandi Orð Nýja testamentið og Sálmarnir™ (New Testament with )
isn	Isanzu NT
ita1885	Italian Diodati Bible
ita1927	Italian Riveduta Bible
iws	Sepik Iwam NT
ixlCNT	Ixil Cotzal NT
ixlNNT	Ixil Nebaj NT
iyx	Ivatan Bible
jacNT	Eastern Jakalteko NT
jae	Yabem Bible
jao	Yanyuwa Bible portions
jay	Yan-nhangu Selections
jicNT	Tol NT
jid	Bu NT
jivNT	New Testament in Shuar
jni	Janji NT
jnje	Yemsa NT Ethiopic
jnjl	Yemsa NT Latin
jpn1965	New Japanese NT
jum	Jumjum Bible
juy	Juray: ଆଜାଡ଼ି ତଙରନ୍ (Bible)
jvnNT	Caribbean Javanese NT
kanirv	Kannada Indian Revised Version Bible
kanokcv	Kanada Open Contemporary Version Bible
kans	Siddi NT
kaqNT	Capanahua NT
kbcNT	Kadiwéu NT
kbh	Camsá NT
kbm	Iwal NT
kbq	Kamano-Kafe Bible
kca	Khanty Bible
kdc	Kutu NT
kdc2014	Kutu NT 2014
kde	Makonde Bible
kdl	Tsikimba OT
kdlNT	Tsikimba NT
kekNT	Q'eqchi' Bible
kenNT	Kenyang NT
kew	West Kewa Bible
kfcp	The New Testament in the Konda Porja Language of India. Konda-Dora: ମାପୁରୁଦି ସ ବାକ୍ୟ (Bible)
kff	Koya NT
kfw	Kharam NT
kgf	Kube NT with Psalms
kgkNT	Kaiwá NT
kgpNT	Kaingang NT
khj	Kuturmi NT
khs	Kasua NT
khz	Keapara Kalo NT
kij	Kilivila: Buki Pilabumaboma Kabutubogwa Deli Kabutuvau Bible
kik	Kikuyu Bible
kiw	Kope Luke
kiz	Kisi NT
kjeNT	Kisar NT
kjn	Kunjen Mark Portions
kjs	East Kewa NT
kkc	Odoodee partial NT
kkl	Mek Kosarek Bible
kky	Gugu Yimidhirr Matthew Sample
kld	KAMILAROI SAYINGS
klg	Tagakaulo NT
klt	Nukna Bible
klv	Maskelynes NT
kmg	Kâte NT
kmh	Kalam NT
kmh-m	Minimib NT
kmk	Limos Kalinga NT
kmo	Washkuk NT
kms	Kamasau NT
kmu	Kanite NT
kne	Kankanaey Bible
knf	Mankanya NT and partial OT
knjNT	Akateko NT
knv-aramia	Tabo Aramia NT
knv-fly_river	Tabo Fly River NT
kor	Korean Bible 1910
kos	Kosraean Bible
kpf	Komba NT
kpg	Kapingamarangi Bible
kpjNT	Karajá NT
kpr	Korafe NT with Psalms
kpw	Kobon NT
kpx	Mountain Koiali NT
kqa	Mum NT Portions
kqc	Doromu-Koki Bible
kqf	Kakabai Bible portions
kql	Kyenele Mark
kqw	Kandas NT
krh	Kurama: Akurumi NT Portion (New Testament)
ksd	Kauana Bible
ksj	Uare NT
ksr	Borong NT  with  OT portions
ktm	Kurti Scripture Portions
kto	Kuot NT
kud	'Auhelawa NT
kud2014	’Auhelawa: Yaubada Yana Walo Yemidi Vauvauna New Testament
kue	Kuman NT
kup	Kunimaipa NT
kux	Kukatja Bible portions
kvg	Kuni-Boazi Bible
kvnNT	Border Kuna NT
kwd	Kwaio NT
kwf	Kwara'ae Bible
kwi	Awa-Cuaiquer NT
kwj	Kwanga NT
kxv	The New Testament in the Kuvi language of India: ପୁଃନି ମେ଼ରା (Bible)
kxw	Konai NT
kyc	Kyaka Enga Bible
kyf	Kouya NT
kyg	Keyagana Bible
kyq	Kenga NT
kyzNT	Kayabí NT
kze	Kosena NT
lacNT	Lacandon NT
lag	Rangi NT
latVUC	Clementine Vulgate 1598
lbb	Label NT
lbk	Central Bontok NT
lbm	Lodhi NT
lcm	Tungag Bible
ldb	Duya NT
leu	Kara NT
lex	Luang Bible
lga	Lungga Bible
lgl	Wala New Testament
lid	Nyndrou NT  with  OT portions
lifNT	Limbu NT (Limbu Script)
lifNT2	Limbu NT (Devangari Script)
lin	Lingala Bible
lit	Lithuanian Believers' Heritage Translation
litb	Open Lithuanian Scriptures
llg	Rote Lole Bible
lrg	Larrakia Christmas Story
lth	Thur NT
lug	Luganda Bible
luo	Dholuo Bible
lww	Lewo NT
lyn	Luyana NT
maaNT	San Jerónimo Tecóatl Mazatec NT
majNT	Jalapa de Díaz Mazatec NT
mal	Malayalam Indian Revised Version Bible
mal2015	Malayalam 1910  Contemporary Orthography
malc	Malayalam Contemporary Bible
mamC	Mam Comitancillo NT
mamNT	Mam Todos Santos NT
maqNT	Chiquihuitlán Mazatec NT
mar	Marathi Indian Revised Version Bible
marc	Marathi: Biblica®
mauNT	Huautla Mazatec NT
mavNT	Sateré-Mawé NT
mazNT	Central Mazahua NT
mbbOT	Western Bukidnon Manobo OT
mbcNT	Macushi NT
mbh	Mangseng NT
mbjNT	Nadëb NT
mblNT	Maxakalí NT
mbs	Sarangani Manobo NT
mbtNT	Matigsalug Manobo NT
mbu	Mbula-Bwazza NT
mca	Maka NT
mcbNT	Machiguenga NT
mcdNT	Sharanahua NT
mcfNT	Matsés NT
mcoNT	Coatlán Mixe NT
mcp	Makaa NT
mcq	Managalasi NT
mcr	Menya NT
mdybse	Maale NT
mdyeth	Maale Bible (Ethiopic script)
med	Melpa NT
mee	Mengen NT
mek	Mekeo NT
meq	Merey NT
met	Mato Bible
meu	Motu Bible
mey	Hassaniyya Bible
mfm	Marghi South NT
mfo	Mbe OT
mfxe	Melo NT Ethiopic
mfxl	Melo NT
mgc	Morokodo Bible Portions
mgh	Makhuwa-Meetto NT
mgh2016	Makhuwa-Meetto: Makua New Testament 2015 New Testament
mgj	Abureni NT
mgv	Matengo: Amatengu (New Testament)
mgw	Matumbi NT
mhl	Mauwake NT
mibNT	Atatláhuca Mixtec
micMIQNT	Mi'kmaq NT
mieNT	Ocotepec Mixtec
migNT	San Miguel el Grande Mixtec NT
mihNT	Chayuco Mixtec NT
milNT	Peñoles Mixtec NT
mioNT	Pinotepa Nacional Mixtec NT
mirNT	Isthmus Mixe NT
mitNT	New Testament in Mixtec, Southern Puebla (MX:mit:Mixtec, Southern Puebla)
mizNT	Coatzospan Mixtec NT
mjcNT	San Juan Colorado Mixtec NT
mkj	Mokilese Bible
mkl	Monkole NT
mkn	Kupang Malay Bible
mksNT	Silacayoapan Mixtec NT
mkw	Kituba Bible
mle	Manabu NT
mlh	Mape NT
mlp	Bargam NT
mmo	Mangga Buang NT
mmx	Madak NT with Psalms
mna	Mbula Bible
mni	Meitei Bible
mopNT	Mopán Maya NT
mox	Molima NT
mpa	Mpoto NT
mph	Mawng Bible Portions
mpj	Martu Wangka Bible
mpmNT	Yosondúa Mixtec NT
mpp	Migabac Bible
mps	Dadibi Bible
mpt	Mian NT
mpx	Misima-Paneati Bible
mqbNT	Mbuko NT
mqjNT	Mamasa NT
msb	Masbatenyo NT
msc	Sankaran Maninka Bible Portions
msk	Mansaka NT
msmNT	Agusan Manobo NT
msy	Aruamu NT
msy2020	Aruamu Bible
mti	Maiwa NT
mtoNT	Totontepec Mixe NT
mux	Bo-Ung NT
muy	Muyang NT
mva	Manam NT
mvn	Minaveha NT
mwc	Are Bible
mwe	Mwera Bible
mwf2018	Murrinhpatha Bible
mwp	Kala Lagaw Bible
mxbNT	Tezoatlán Mixtec NT
mxm	Meramera NT
mxpNT	Tlahuitoltepec Mixe NT
mxqNT	Juquila Mixe NT
mxtNT	Jamiltepec Mixtec NT
mya	Burmese Common Language Bible
myajvb	Judson Burmese Bible
myk	Mamara Sénoufo NT and portions of the OT
myu	Mundurukú NT
myw	Muyuw NT
myy	New Testament in Macuna
mzq	Mori Atas NT
mzz	Maiadomu Mark
nabNT	Southern Nambikuára NT
naf	Nabak NT
nag	Nagamese NT
nak	Nakanai NT
nal	Nalik NT
nas	Naasioi NT
nay	Ngarrindjeri Scriptures
nbq	Nggem NT
nca	Iyo NT
nce	Portions of the Holy Bible in the Yalë language of Papua New Guinea
ncf	Notsi NT
nchBl	Huasteca Central Nahuatl Bible
ncjNT	Northern Puebla Nahuatl NT
nck	Nakara Selections
nclNT	Michoacán Nahuatl NT
ncr	Ncane NT
ncuNT	Chumburung NT
nde	Ndebele Bible
ndg	Ndengereko NT
ndj	Ndamba New Testament
nfa	Dhao Bible
ngp	Nguu New Testament
nguNT	Guerrero Nahuatl NT
nheBl	Huasteca Oriental Nahuatl Bible 2005
nheNT	Huasteca Oriental Nahuatl NT 2009
nhgNT	Tetelcingo Nahuatl NT
nhiNT	Zacatlán-Ahuacatlán-Tepetzintla Nahuatl NT
nho	Takuu NT
nhr	Naro NT
nhuNT	Noone NT
nhwBl	Huasteca Occidental Nahuatl Bible
nhyNT	Northern Oaxaca Nahuatl NT
nif	Nek NT
nii	Nii NT
ninNT	Ninzo NT
nit	Kolami, Southeastern: కొత్త కరార్ (Bible)
njd	Ndonde Hamba NT
nkn	Nkangala NT
nkoNT	New Testament in Nkonya (GH:nko:Nkonya)
nld	Dutch Bible 1917
nld1939	Dutch Bible, Petrus Canisius
nldgbv	Dutch: Gods Boek
nldnbg	Dutch NBG 1951 Bible
nlg	Gela Bible
nmws	Saisai Matthew  with  Ephesians
nna	Nyangumarta Bible
nnq	Ngindo New Testament
noaE	Woun Meu NT
noaH	Woun Meu NT
noblb	Norwegian Living NT
nop	Numanggang Bible
notNT	Nomatsiguenga NT
nou	Ewage-Notu NT
npioncb	Nepali Contemporary Bible
npiulb	Nepali Bible
nplNT	Southeastern Puebla Nahuatl NT
nrz	Nara NT
nsn	Nehan NT
nss	Nali Bible
ntj	Ngaanyatjarra Shorter Bible
ntpNT	Northern Tepehuan NT
ntu	Natqgu NT with Ruth and Psalms
nuq	Nukumanu NT
nuy	Wubuy Shorter  Bible
nvm	Namiai NT
nwi	Southwest Tanna NT
nww	Ndwewe NT
nya	Chichewa Bible
nys	Noongar Bible
oboNT	Obo Manobo NT
okv	Orokaiva Etija NT
okvh	Orokaiva Ehija NT
omb	Ambae, East: Waratau Siaga Tatuei mo Vilegi (Old Testament)
omw	South Tairora NT
omw-a	South Tairora Aatasara John & Mark
omw-v	South Tairora Veqaura NT
ong	Olo NT
ons	Ono NT
oodNT	Tohono O'odham NT
opm	Oksapmin NT
ory	Oriya Indian Revised Version Bible
oteNT	Mezquital Otomi NT
otmNT	Eastern Highland Otomi NT
otnNT	Tenango Otomi NT
otqNT	Querétaro Otomi NT
otsNT	Estado de México Otomi NT
oyde	Oyde NT Ethiopic
oydl	Oyda NT Latin
pabNT	Parecís NT
padNT	Paumarí NT
pahNT	Tenharim NT
pan	Punjabi Indian Revised Version Bible
paoNT	Northern Paiute NT
pdo	Padoe NT
peg	Pengo NT
pesOPV	Old Persion Version Bible
pesopcb	Open Persian Contemporary Bible
pga	Sudanese Creole Arabic Bible
pibNT	Yine NT
pioNT	Piapoco NT
pirNT	Piratapuyo NT
piu2006	Luritja Bible
pjt	Pitjantjatjara Shorter Bible
plj	Polci NT
pll	Shwe Palaung NT
plsNT	San Marcos Tlalcoyalco Popoloca NT
plu	Palikúr NT
pma	Paama Bible
poeNT	San Juan Atzingo Popoloca NT
pohNT	Poqomchi' Occidental NT
poiNT	Highland Popoluca NT
polsz	Polish OPLNT
polubg	Polish Updated Gdansk Bible
pon	Pohnpeian NT & Psalms, old alphabet
pon-pdn	Pohnpeian NT & Psalms, new alphabet
pon2006	Pohnpeian Bible 2006
pon2006a	Pohnpeian Bible with Apocrypha 2006
porblt	Portuguese Free Bible for All
porbr2018	Portuguese Bíblia Livre
porbrbsl	World Portuguese Bible
poronbv	Portuguese ONBV
portft	Portuguese Translation for Translators
poy	The New Testament in Pogoro
ppo	Folopa NT
prfNT	New Testament in Paranan (RP:prf:Paranan)
priNT	Paicî NT
ptp	Patep NT
ptu	Bambam Bible
pub	First Purum Bible Translation
puu	Punu NT
pwg	Gapapaiwa NT
pwr	Powari NT
qub	Huallaga Huánuco Quechua NT
qucNNT	K'iche' Cantel NT, new spelling
qucTNT	K'iche' Cantel NT, traditional spelling
quctt	K’iche’ of Totonicapan NT
qufNT	Lambayeque Quechua NT
quhNT	South Bolivian Quechua NT
qulNT	North Bolivian Quechua NT
qupNT	Southern Pastaza Quechua NT
qvcNT	Cajamarca Quechua NT
qveNT	Eastern Apurímac Quechua NT
qvhNT	Huamalíes-Dos de Mayo Huánuco Quechua NT
qvmNT	Margos-Yarowilca-Lauricocha Quechua NT
qvnNT	North Junín Quechua NT
qvsNT	San Martín Quechua NT
qvwNT	Huaylla Wanca Quechua NT
qvzNT	Northern Pastaza Quichua NT
qwhNT	Huaylas Ancash Quechua NT
qxhNT	Panao Huánuco Quechua NT
qxnNT	Northern Conchucos Ancash Quechua NT
qxoNT	Southern Conchucos Ancash Quechua NT
rai	Ramoaaina NT
reg	Kara NT
rei	Reli Bible
rgu	Rote Rikou Bible
rhg	Rohingya: Rohingya Bible Translation Project (Bible)
rhgc	Rohingya: Kitabul Mukaddos or Injil Córif (Bible)
rifa	Tarifit Bible (Arabic Script)
rifl	Tarifit Bible Latin Script
rift	Tarifit Bible Tifinagh Script
rkbNT	Rikbaktsa NT
rki	Rakhine Bible
rmb	Rembarrnga Christmas Story
rmc	Eastern Slovak Romani Bible
rmczrb	Carpathian Romani Luke
rmn	Balkan Romani Bible portions
rmna	Balkans Arli Bible
rmyArli	Arli Luke
rmyChergash	Chergash NT
rmyGurbet	Gurbet NT
rmylovari	Lovari Vlax Romani Bible
rmyservi	Servi Romani Bible portions
rmyvlakh	Eastern Vlakh Romani
ron1924	Romanian Bible (Cyrillic)
ronBayash	Bayash Bible
ronbtf	Romanian BTF Bible
ronlsb	Romanian Free Holy Bible
ronludari	Ludari Luke
roo	Rotokas NT
rop	Kriol Bible
row	Rote Dela Bible
rro	Waima NT
ruf	Luguru NT
rug	Roviana Bible
russyn	Russian Synodal Bible
rwo-karo	Rawa Karo NT
rwo-rawa	Rawa NT
sabNT	Buglere NT
sanasm	Sanskrit New Testament in Assamese Script
sanben	Sanskrit NT in Bengali Script
sanbur	Sanskrit Language NT in Burmese Script
sancol	New Testament in Sanskrit Language; printed in Cologne Script
sandev	Sanskrit NT in Devanagari Script
sanguj	Sanskrit NT in Gujarati Script
sanhk	Sanskrit NT in Harvard-Kyoto Script
sanias	New Testament in Sanskrit Language; printed in IAST Script
saniso	Sanskrit NT in ISO Script
sanitr	Sanskrit NT in ITRANS Script
sankan	Sanskrit NT in Kannada Script
sankhm	Sanskrit NT in Khmer Script
sanmal	Sanskrit NT in Malayalam Script
sanori	Sanskrit NT in Oriya Script
sanpun	Sanskrit NT in Punjabi Script
sansin	Sanskrit NT in Sinhala Script
santam	Sanskrit NT in Tamil Script
santel	Sanskrit NT in Telugu Script
santha	Sanskrit NT in Thai Script
santib	Sanskrit NT in Tibetan Script
sanurd	Sanskrit NT in Urdu Script
sanvel	Sanskrit NT in Velthuis Script
sav	Saafi-Saafi Bible
sbe	Saliba NT
sbk	Safwa NT
sbs	Kuhane NT
sby	Soli NT
sce	Donxian NT
sch	Sakachep NT
seh	Sena NT
seyNT	Secoya NT
sgb	Mag-antsi Ayta NT
sgz	Sursurunga NT
shj	Caning Bible Translation
shpNTpo	Shipibo-Conibo Bible
shr	Mashi Bible
sim	Mende NT
six	Somau Karia NT
sjaNT	Epena NT
sle	Sholaga NT
slk	Slovak NT
sll	Salt-Yui NT
smkNT	Bolinao NT
sna	Shona Bible
snc	Sinaugoro NT
snnNT	Siona NT
snp	Siane Komongu NT
snp-lambau	Siane Lambau NT
snx	Sam Mark
sny	Saniyo-Hiyewe NT
som	Somali Bible
soq	Kanasi NT
soy	Sola NT
spaRV1909	Reina Valera 1909
spabes	La Biblia en Español Sencillo
spablm	Spanish Free Bible for the World
spaonbv	Spanish ONBV
spapddpt	Spanish Bible (God's Word for You)
sparvg	RVG Spanish Bible
spav1602p	Spanish Valera Purificada
spavbl	Spanish Free Bible Version
spl	Selepet NT
spm	Published Mark & Acts
spp	Supyire Sénoufo NT
sps	Saposa NT
spyNT	Sabaot NT
sri	Siriano NT
srmNT	Saramaccan NT
srnNT	Sranan NT
srp1865	Serbian Bible
srponspc	Serbian ONSP Cyrillic
srponstl	Serbian ONST Latin
srqNT	Sirionó NT
ssd	Siroi Bible
ssg	Seimat NT
ssx	Sembeleke Bible
stpNT	Southeastern Tepehuan NT
stw	Satawalese: Pwapwior we e Santus (New Testament)
sua	Sulka NT
sue	Suena NT
sur	Mwaghavul NT
sus	Susu Bible
susa	Susu Bible (Arabic script)
suzBl	Sunwar Bible
swe	Swedish NT
swef	Swedish Folkbibleln
swh1850	Swahili Bible
swhonen	Kiswahili Contemporary Version
swhonmm	Swahili ONMM
swhulb	Swahili Unlocked Literal Bible
swp	Suau Bible
sxbNT	Suba NT
tacNT	Western Tarahumara NT
taj	Eastern Tamang NT
tam2017	Tamil Indian Revised Version Bible
tamtcv	Biblica® திறந்தநிலை தமிழ் சமகால பதிப்பு
tap	Kitaabua NT
tav	New Testament in Tatuyo
taw	Tai NT
tbc	Takia NT
tbf	Mandara Bible
tbg	North Tairora
tbg-a	North Tairora Arau Bible
tblNT	Tboli NT
tbo	Tawala NT
tbx	Kapin Bible
tbzsim	Ditammari Bible
tcaNT	Ticuna NT
tcn	Tichurong: तिचुरोङ क्येला सारबा करारयि किताबतेबा (Bible with Deuterocanon)
tcs	Yumplatok Bible
tczchongthu	Chongthu Bible
tdt	Tetun Dili NT
tdx	Tandroy Bible
teeNT	Huehuetla Tepehua NT
tel2017	Telugu Indian Revised Version Bible
telotsa	Telugu OTSA
terNT	Terêna NT
tet	Tetun Bible
tew	Tewa NT
tfrNTpo	Teribe Bible
tgj	Tagin first Bible translation based on TEV (Good News)
tgk	Tajik Bible
tglulb	Tagalog Bible
tgo	Sudest Bible Portions
tgp	Tangoa NT
thaKJV	Thai KJV Bible
thd	Thayorre Bible Portions
thr	Rana Tharu NT
tif	Tifal NT
tim	Timbe NT
tiw	Tiwi Gospels
tiwm	Tiwi Selections
tiy	Tiruray NT
tke	Takwane NT
tkr	Tsakhur Bible
tkuNT	Upper Necaxa Totonac
tlf	Telefol NT
tmd	Haruai NT
tnaNT	Tacana NT
tnc	Tanimuca-Retuarã NT portions
tnk	Nafe NT
tnn	North Tanna NT
tnp	Whitesands NT
tocNT	Coyutla Totonac NT
tod	Toma Bible Portions
tof	Gizrra Bible
tojNT	Tojolabal NT
ton	Revised West Version
tooNT	Xicotepec De Juárez Totonac NT
topNT	Papantla Totonac NT
tosNT	Highland Totonac NT
tpa	Taupota Mark
tpi	Tok Pisin Bible with Deuterocanon
tpiOTNT	Tok Pisin Bible
tptNT	Tlachichilco Tepehua NT
tpz	Tinputz Vasui NT
trcNT	Copala Triqui NT
tsn	Open Tswana Living NT
tsw	Tsishingini OT
tswNT	Tsishingini NT
ttcNT	Tektiteko NT
tte	Bwanabwana NT
tteo	Bwanabwana OT
tuc-o	Saveeng Oov Bible
tuc-t	Saveeng Tuam Bible
tue	Tuyuca NT
tuf	Central Tunebo NT
tuoNT	Tucano NT
turobt	Open Basic Turkish New Testament
turytc	Turkish WEB
tvk	Southeast Ambrym Bible portions
tvn	Tavoyan Bible
tvt	Tutsa Naga NT
twi	Akuapem Twi Bible
twiasante	Asante Twi Bible
txq	Rote Tii Bible
txuNT	Kayapó NT
tyx	Teke-Tyee NT
tzjE	Eastern Tz'utujil NT
tzjNT	Western Tz'utujil NT
tzoNT	Tzotzil Huixtan NT
tzoSA	San Andres Tzotzil NT
tzoZNT	Tzotzil Zinacantan NT
tzotzc	Tzotzil de Chamula NT
tzotze	Tzotzil de Chenalhó NT
ubr	Ubir Bible
ubu-andelale	Umbu-Ungu Andelale NT
ubu-kala	Umbu-Ungu Kala NT
ubu-nopenge	Umbu-Ungu No Penge NT
udu	Uduk Bible
uigara	Uyghur Bible (arabic script)
uigcyr	Uyghur Bible (cyrillic script)
uiglat	Uyghur Bible (modern latin script)
uigpin	Uyghur Bible (former latin script)
ukr1871	Ukrainian Bible by P. Kulish
ukr1996	Ukrainian Bible, BJU 1996
ukrfb	Ukrainian Freedom Bible
ukronpu	New Ukranian Translation NT with Psalms
uli	Ulithian NT
ulk	Meriam Mir Bible
ulk1902	Meriam Mir Bible
unx	Munda NT
upv	Uripiv New Testament
uraNT	Urarina NT
urbNT	Kaapor NT
urd	Urdu IRV Bible
urdgvh	Urdu Geo Bible, Hindi Script
urdgvr	The Holy Bible in Urdu, Urdu Geo Version, Roman Script
urdgvu	Urdu Geo Bible (Urdu Script)
urdoucv	Urdu: Biblica® آزادانہ اردو ہم عصر ترجمہ (Bible)
uri	Urim: Wurkapm a Maur Wailen Portions
urim	Urim NT
uro	Ura NT
urt	Urat New Testament
urw	Sop Jonah and Luke
usa	Usarufa Bible
uspNT	Uspanteko NT
utr	Etulo NT
uvh	Urii NT
uvl	Lote Bible
vaa	Vaagri Booli NT
vgr	Vaghri NT
vid	Vidunda NT
vie1934	Vietnamese Bible 1923
vieovcb	Vietnamese Contemporary Bible
viv	Iduna NT
vmyNT	NT in Ayautla Mazateco
waj	Waffa NT
wal	Wolaytta Bible
wapNT	Wapishana NT
wat	Kaninuwa Bible
wbi	Vwanji NT
wbp	Warlpiri Bible
wbq	Waddar Bible
wed	Wedau Mark
wed-topura	Wedau Topura Mark
wer	Weri NT
wim	Wik-Mungkan NT
wiu	Witu NT
wiv	Vitu NT
wja	Waja Bible
wlg	Kunbarlang Bible Portions
wlo	Wolio: Kitabi Momangkilona Wolio (New Testament with )
wmt	Walmajarri Bible
wmw	Mwani NT
wnc	Wantoat NT
wnu	Usan NT
wol2010	Wolof NT 2010
wolmbs	Wolof Bible (MBS)
wos	Hanga Hundi Bible
wrk	Garrwa Shorter New Testament
wro	Worrorra Mark and Luke
wrs	Waris Bible
wsk	Waskia Bible
wuv	Wuvalu-Aua NT
xavNT	Xavánte NT
xbi-w	Kombio Wampukuamp Bible
xbi-y	Kombio Yanimoi Bible
xed	Hdi NT
xla	Kamula Bible
xnj	Ngoni NT
xnn	New Testament in Kankanay, Northern
xon	Konkomba
xsi	Sio NT  with  Psalms
xsn	Sanga Bible
xtdNT	Diuxi-tilantongo Mixtec NT
xtmNTpp	Magdalena Peñasco Mixtec Bible
yaaNT	Yaminahua NT
yadNT	Yagua NT
yaf	Yaka NT
yal	Yalunka Bible
yao	Yao NT
yap	Yapese Bible
yaqNT	Yaqui NT
yby	Yaweyuha NT
ycn	Yucuna NT
ydd	Eastern Yiddish NT
yer	The Holy Bible in the Tarok language of Nigeria
yij	Yindjibarndi Luke
yka	Yakan Bible
yle	Rossel NT
yml	Iamalele NT
ymp	Yamap NT
yns	Yansi NT
yom	Yombe: Biblica® Open Nkanda wu Moyo, Nguizani Yimona ayi Minkunga 2002 (Bible)
yon	Yongkom NT  with  partial OT
yor	Yoruba Bible
yrb	Yareba NT
yreNT	Yaouré NT
yss-yamano	Yessan-Mayo Yamano NT
yss-yawu	Yessan-Mayo Yawu NT
yuj	Karkar-Yuri NT
yut	Yopno NT & Psalms
yuw	Yau NT
yvaNT	Yawa NT
zaaNT	Sierra de Juárez Zapotec NT
zabNT	San Juan Guelavía Zapotec
zacNT	Ocotlán Zapotec
zadNT	Cajonos Zapotec NT
zaiNT	Isthmus Zapotec NT
zaj	Zaramo Bible
zajp	Zaramo: Bibilia ya Kizalamo (Bible)
zak	Zanaki NT
zamNT	Miahuatlán Zapotec NT
zaoNT	Ozolotepec Zapotec NT
zapNT	Santa María Quiegolani Zapotec NT
zarNT	Rincón Zapotec NT
zasNT	Santo Domingo Albarradas Zapotec NT
zatNTps	Tabaa Zapotec NT & Psalms
zavNT	Yatzachi Zapotec NT
zawNT	Mitla Zapotec NT
zbu	Bu NT
zcaNT	Coatecas Altas Zapotec
zgam	Mahanji NT
zia	Zia NT
zin	Zinza NT
ziw	Zigua New Testament
zlmKSZI	Contextualized Malay NT
zosNT	Francisco León Zoque NT
zpcNT	Choapan Zapotec NT
zplNT	Lachixío Zapotec NT
zpmNT	Mixtepec Zapotec NT
zpoNT	Amatlán Zapotec NT
zpqNT	Zoogocho Zapotec NT
zpuNT	Yalálag Zapotec NT
zpvNT	Chichicapan Zapotec NT
zpzNTpp	Texmelucan Zapotec Bible
zsrNT	Southern Rincon Zapotec NT
ztp	Loxicha Zapotec NT
ztqNT	Quioquitani-Quierí Zapotec NT
ztyNTps	Yatee Zapotec NT & Psalms
zypNT	Zyphe Chin NT
