TranslationID	TranslationName	NoTabEndingColumn
aai	Minaifia NT	Bogus
aak	Minaifia NT	Bogus
aau	Abau NT	Bogus
aaz	Amarasi Bible	Bogus
abc	Ayta Ambala NT Portions	Bogus
abt-maprik	Ambulas Maprik NT	Bogus
abt-wosera	Ambulas Wosera NT	Bogus
abx	Inabaknon NT	Bogus
aby	Aneme Wake NT	Bogus
acfNT	Saint Lucian Creole French NT	Bogus
acr-acc	New Testament in Achi	Bogus
acrNNT	Achi Rabinal NT (new orthography)	Bogus
acrTNT	Achi Rabinal NT (traditional orthography)	Bogus
acuNT	Achuar-shiwiar Bible	Bogus
adt	Adnyamathanha Christmas Story	Bogus
adz	Adzera Bible	Bogus
aer	Eastern Arrente Bible	Bogus
aey	Amele Genesis	Bogus
agd	Agarabi NT	Bogus
agg	Angor NT	Bogus
agm	Angaataha NT	Bogus
agn	Agutaynen NT	Bogus
agr	Aguaruna Bible	Bogus
agt	Central Cagayan Agta	Bogus
aguBl	Aguacateco Bible	Bogus
ahr	Ahirani Matthew and Mark	Bogus
aia	Arosi New Testament	Bogus
aii	Assyrian Neo-Aramaic NT with Psalms	Bogus
akeNT	Akawaio NT	Bogus
alh	Alawa Song Book	Bogus
alpNT	Alune NT	Bogus
alqALGNT	Algonquin NT	Bogus
alw	Alaba-K’abeena NT	Bogus
aly	Alyawarr Bible	Bogus
ameNT	Yanesha' NT	NoTabEndingColumn
amf	Banna NT	Bogus
amh	Amharic NT	Bogus
amk	Ambai NT	Bogus
amm	Ama NT	Bogus
amn-amanab	Amanab NT	Bogus
amn-n	Amanab Naineri NT	Bogus
amo	Amo NT	Bogus
amp	Alamblak NT	Bogus
amrNT	New Testament in Amarakaeri (PE:amr:Amarakaeri)	Bogus
amuNT	New Testament in Amuzgo, Guerrero (MX:amu:Amuzgo, Guerrero)	Bogus
amx	Anmatyerr Bible	Bogus
anh	Mark in Nend	Bogus
anvNT	New Testament in Denya (CM:anv:Denya)	Bogus
aoi	Anindilyakwa Bible	Bogus
aoj	Mufian NT	Bogus
aoj-filifita	Filifita NT	Bogus
aom	Omie NT	Bogus
aon	Arapesh NT	Bogus
apb	Sa'a New Testament	Bogus
apeB	Bukiyip NT	Bogus
apec	Coastal Arapesh NT	Bogus
apnNT	Apinayé NT	Bogus
app	Apma Jona	Bogus
apr	Arop-Lokep	Bogus
apuNT	Apurinã NT	Bogus
apwNT	Western Apache NT	Bogus
apz	Ampeeli-Wojokeso NT with Genesis	Bogus
aqk	Aninka Bible	Bogus
arb-vd	Arabic Van Dyck Bible	Bogus
arbnav	New Arabic Version (Book of Life)	Bogus
are	Western Arrarnta NT	Bogus
arlNT	Arabela NT	Bogus
arnNT	Mapudungun NT	Bogus
arp	Arapaho Luke	Bogus
asg	Cishingini Bible	NoTabEndingColumn
asj	Sari NT	Bogus
asmfb	Assamese Indian Revised Version Bible	Bogus
aso	Dano NT	Bogus
ata	Ata Bible	Bogus
atbNT	Zaiwa NT	Bogus
atdNT	Ata Manobo NT	Bogus
atgNT	Ivbie North-Okpela-Arhe NT	Bogus
att	Pamplona Atta NT	Bogus
aucNT	Waorani NT	Bogus
aui	Anuki Bible Portions	Bogus
auy	Awiyaana NT	Bogus
avt	Au NT	Bogus
awb	Awa NT	Bogus
awk	Awabakal Luke	Bogus
awx	Awara Bible portions	Bogus
azb	Azerbaijani Bible	Bogus
azgNT	San Pedro Amuzgos NT	Bogus
azzNT	Highland Puebla Nahuatl NT	Bogus
baoNT	Waimaha NT	Bogus
bba	Bariba Bible	Bogus
bbb	Barai Bible	Bogus
bbd	Bau Bible Story	Bogus
bbr	Girawa NT	Bogus
bbr2013	New Testament in Girawa	Bogus
bch	Bariai Bible	Bogus
bco	Kaluli Bible portions	Bogus
bdd	Bunama NT	Bogus
bdv	Bodo Parja: BOPO Bible	Bogus
bea	Beaver Mark	Bogus
bef	Benabena NT	Bogus
bel	Belarusan Bible, A. Boken	Bogus
beln	Belarusian New Testament and Books of Old Testament	Bogus
benirv	Bengali Indian Revised Version Bible: ইন্ডিয়ান রিভাইজড ভার্সন (IRV) - বেঙ্গলী	Bogus
benobcv	Open Bengali Contemporary Version Bible	Bogus
beo	Bedamuni Bible	NoTabEndingColumn
beu	Pura Bible	Bogus
bfz	Baghlayani Bible	Bogus
bgc	Haryanvi Bible	Bogus
bgg	Bugun Bible	Bogus
bgs	Tagabawa Bible	Bogus
bgt	Bughotu New Testament	Bogus
bhd	Bhadrawahi Bible	Bogus
bhg	Binandere NT	Bogus
bhi	Bhilali: भगवानेन छाचला बुल (Bible)	Bogus
bhl	Bimin NT	Bogus
bht	Bhattiyali Bible	Bogus
bhu	Bhumiya Bible	Bogus
big	Biangai NT	Bogus
big2013	New Testament in Biangai	Bogus
bjk	Barok NT	Bogus
bjp	Fanamaket NT	Bogus
bjr	Binumarien Bible	Bogus
bjvNT	Bedjond NT	Bogus
bjz	Baruga NT	Bogus
bkd	Binukid NT	Bogus
bki	Baki NT	Bogus
bkqNT	Bakairí NT	Bogus
bkw	Bekwel NT	Bogus
bkx	Baikeno Mark	Bogus
bla	Blackfoot Matthew	Bogus
blw	Balangao NT	Bogus
blzNT	Balantak NT	Bogus
bmh	Kein NT	Bogus
bmk	Ghayavi Mark	Bogus
bmrNT	Muinane NT	Bogus
bmu	Somba-Siawari Bible	Bogus
bnp	Bola Bible	Bogus
boaNT	Bora NT	Bogus
bodn	New Tibetan Bible	Bogus
boj	Anjam NT 2000	NoTabEndingColumn
boj2014	Anjam NT 2014  with  Psalms	Bogus
bon	Bine NT	Bogus
bou	Bondei Bible	Bogus
boxNT	Buamu NT	Bogus
bpr	Koronadal Blaan NT	Bogus
bps	Sarangani Blaan NT	Bogus
bpx	Bareli, Palya: भगवान ना खरला बोल (Bible)	Bogus
bqcsim	Boko (Benin) Bible	Bogus
bqp	Bisa Bible	Bogus
breBRG	Breton Gospels	Bogus
bsj	Bangwinji NT	Bogus
bsnNT	Barasana-Eduria NT	Bogus
bsp	Baga Sitemu Bible Portions	Bogus
bssNT	Akoose NT	Bogus
bswe	Baiso: አማቶ ኦኡሱብ (New Testament)	Bogus
bswl	Baiso NT (Latin)	Bogus
buj	Basa-Gurmana MAT	Bogus
buk	Bukawa NT	Bogus
bus	Bokobaru Bible	Bogus
bvd	Baegu New Testament	Bogus
bvr	Burarra Scriptures	Bogus
bvw	Boga NT	Bogus
bwc	Bwile: Bwile Bible Translation (Bible)	Bogus
bwo	Borna NT Latin Version	Bogus
bxh	Buhutu Bible	Bogus
byr	Baruya NT with Genesis	Bogus
byr-w	Yipma Wagamwa NT	Bogus
byx	Qaqet Bible	Bogus
bzdNTpo	Bribri Bible	Bogus
bzh	Buang NT	Bogus
bzj	New Testament in Belize Kriol English (BH:bzj:Belize Kriol English)	Bogus
caa	Chorti Bible	Bogus
cabNT	Suau Bible	Bogus
cac	Chuj San Mateo Bible	Bogus
cafNT	Southern Carrier NT	NoTabEndingColumn
cak	Kaqchikel Chimaltenango NT	Bogus
cakCNT	Kaqchikel NT	Bogus
cakENT	Eastern Kaqchikel NT	Bogus
cakNT	Kaqchikel Sur de Sacatepequez NT	Bogus
cakSNT	Santa Maria de Jesus Kaqchikel NT	Bogus
cakWNT	Western Solola Kaqchikel NT	Bogus
cakYNT	SW Yepocapa and Acatenango Kaqchikel NT	Bogus
caoNT	Chácobo NT	Bogus
capNT	Chipaya NT	Bogus
cavNT	Cavineña NT	Bogus
caxNT	Chiquitano NT	Bogus
cbcNT	Carapana NT	Bogus
cbiNTpo	Chachi Bible	Bogus
cbk	Chavacano NT	Bogus
cbrNT	Cashibo-Cacataibo NT	Bogus
cbsNT	Kashinawa NT	Bogus
cbtNTpo	Chayahuita NT	Bogus
cbuNT	Candoshi-Shapra NT	Bogus
cbv	Cacua NT	Bogus
ccoNT	Comaltepec Chinantec NT	Bogus
cdz	Koda Bible	Bogus
cebocb	Cebuano: Biblica® Open Ang Pulong sa Dios (Bible)	Bogus
cebulb	Cebuano Bible	Bogus
cekak	Asang Khongca Bible	Bogus
ces1613	Czech Kralická Bible 1613	Bogus
ceslb	Czech Living New Testament	Bogus
cesnkb	Czech NBK NT	Bogus
cfm	Falam Chin Bible	Bogus
cgc	Kagayanen NT	Bogus
cha	Chamorro Gospels, Acts, and Psalms	Bogus
chdNT	Highland Oaxaca Chontal NT	Bogus
chfNT	Tabasco Chontal NT	Bogus
chk	Chuukese Bible	Bogus
chqNT	Quiotepec Chinantec NT	Bogus
chzNTps	Ozumacín Chinantec NT	NoTabEndingColumn
cjoNT	Ashéninka Pajonal NT	Bogus
cjv	Chuave NT	Bogus
ckb	Kurdish Sorani Bible	Bogus
cleNT	Lealao Chinantec NT	Bogus
clu	Caluyanun NT	Bogus
cmeNT	New Testament in Cerma (UV:cme:Cerma)	Bogus
cmn-cu89s	Chinese Union Version (simplified)	Bogus
cmn-cu89t	Chinese Union Version (traditional)	Bogus
cmncbs	Mandarin Chinese Open Contemporary Bible (Simplified)	Bogus
cmncbt	Chinese, Mandarin: Biblica® 聖經，當代譯本開放資源 (Bible)	Bogus
cmnfeb	Chinese, Mandarin: 免费的易读圣经 Free Easy-to-read Bible (Bible)	Bogus
cniNT	Asháninka NT	Bogus
cnlNT	Lalana Chinantec NT	Bogus
cntNT	Tepetotutla Chinantec NT	Bogus
cofNT	Colorado NT	Bogus
conNTpo	Cofán Bible	Bogus
copbhc	Coptic Boharic NT	Bogus
copcnt	Coptic NT	Bogus
copshc	Coptic Sahidic NT	Bogus
cotNT	New Testament in Caquinte (PE:cot:Caquinte)	Bogus
cpaNT	Palantla Chinantec NT	Bogus
cpbNT	Ucayali-yurúa Ashéninka NT	Bogus
cpcNT	Ajyíninka Apurucayali NT	Bogus
cpuNT	Pichis Ashéninka NT	Bogus
cpy	South Ucayali Ashéninka Bible	Bogus
crnNT	El Nayar Presidio De Los Reyes Cora NT	Bogus
crxNTpo	Carrier NT	Bogus
csoNT	Sochiapam Chinantec NT	Bogus
csy	Siyin Chin NT	Bogus
ctaNT	Tataltepec Chatino NT	Bogus
cth	Thai Phum Bible	Bogus
ctpNT	Western Highland Chatino NT	Bogus
ctu76	Chol NT	Bogus
ctuBl	Chol Tumbala Bible	Bogus
ctucti	Chol de Tila Bible	NoTabEndingColumn
cubNT	Cubeo NT	Bogus
cucNT	Usila Chinantec NT	Bogus
cug	Chung NT	Bogus
cui	Cuiba NT	Bogus
cuk	San Blas Kuna Bible	Bogus
cuk09	San Blas Kuna NT 2009	Bogus
cutNT	Teutila NT	Bogus
cuxNT	Tepeuxila Cuicatec NT	Bogus
cwe	Kwere NT	Bogus
cya	Nopala Chatino NT	Bogus
daaNT	Dangaléat NT	Bogus
dad	Marik NT	Bogus
dah	Gwahatike NT	Bogus
dan1931	Danish Bible 1931	Bogus
dao	Daai Chin NT	Bogus
ded	Dedua NT with Psalms	Bogus
deu1912	German Luther Bible 1912	Bogus
deu1951	German Schlachter Bible 1951	Bogus
deuelbbk	German ELBBK Bible	Bogus
deuelo	German Unrevised Elberfelder Bible	Bogus
deutkw	German Textbibel	Bogus
dgc	Casiguran Dumagat Agta NT	Bogus
dgrDOGNT	Dogrib Bible	Bogus
dgz	Daga Bible	Bogus
dhg	Djangu Bible Portions	Bogus
dhgdol	Warramiri Ḏolttji Selections	Bogus
dhgduwadha	Dhuwa-Dhaŋu'mi Mark  with  Selections	Bogus
dhn	Dhanki: परमेश्वरन सत्य वचन The New Testament in the Dhanki language of India, Devanagari script	Bogus
dif	Dieri NT	Bogus
dikNT	Southwestern Dinka NT	Bogus
dji	Djinang Bible Portions	Bogus
djj	Ndjébbana Bible Portions	Bogus
djkNT	Eastern Maroon Creole NT	Bogus
djr	Djambarrpuyngu NT	Bogus
dne	Ndendeule NT	NoTabEndingColumn
dnv	Danu NT	Bogus
dob	Dobu NT	Bogus
dop	Lokpa Bible	Bogus
dov	Dombe NT	Bogus
dso	Desiya NT	Bogus
dwrENT	Dawro Bible (Ethoipic script)	Bogus
dwrNT	Dawro NT (Latin script)	Bogus
dwrl	The Holy Bible in the Dawuro language of Ethiopia, Latin script	Bogus
dwu	Dhuwal Selections	Bogus
dwuliv	Liyagawumirr Luke	Bogus
dww	Dawawa NT	Bogus
dwy	Dhuwaya Mark  with  Acts 1:8-11	Bogus
ebk	Eastern Bontok NT	Bogus
eka	Ekajuk Bible	Bogus
ekk	Estonian Contemporary NT	Bogus
ekkpkp	Estonian Bible: Piibel Kõigile	Bogus
eko	Kote Bible	Bogus
emi	Mussau-Emira Bible	Bogus
empNTpo	Northern Emberá NT	Bogus
ena	Apali NT	Bogus
eng-Brenton	Brenton English Septuagint	Bogus
eng-asv	American Standard Version (1901)	Bogus
eng-glw	God's Living Word	Bogus
eng-kjv	King James Version  with  Apocrypha	Bogus
eng-kjv2006	King James Version	Bogus
eng-lxx2012	LXX2012 U. S. English	Bogus
eng-rv	Revised Version	Bogus
eng-t4t	Translation for Translators	Bogus
eng-uk-lxx2012	British English Septuagint 2012	Bogus
eng-web	World English Bible Classic	Bogus
eng-web-c	World English Bible (Catholic)	Bogus
eng-webbe	World English Bible British Edition with Deuterocanon	Bogus
engBBE	Bible in Basic English	Bogus
engDBY	Darby Translation	Bogus
engDRA	Douay-Rheims 1899	NoTabEndingColumn
engPEV	Plain English Version	Bogus
engULB	Unlocked Literal Bible	Bogus
engWycliffe	Wycliffe Bible portions	Bogus
engaoi	Anindilyakwa English Bible	Bogus
engasvbt	ASV Byzantine Text	Bogus
engbarkly	Barkly Bible Portions	Bogus
engbsb	English Berean Standard Bible	Bogus
engemtv	English Majority Text Version	Bogus
engf35	Family 35 NT	Bogus
engfbv	Free Bible Version	Bogus
enggnv	Geneva Bible 1599	Bogus
engjps	JPS TaNaKH 1917	Bogus
engkjvcpb	KJV Cambridge Paragraph	Bogus
englee	Leeser Tanakh	Bogus
englsv	English LSV	Bogus
englxxup	Updated Brenton English Septuagint	Bogus
engmsb	Majority Standard BIble	Bogus
engnet	NET Bible	Bogus
engnna	Nyangumarta English Bible	Bogus
engnoy	Noyes Bible	Bogus
engoebcw	Open English Bible (Commonwealth)	Bogus
engoebus	Open English Bible (US)	Bogus
engojb	The Orthodox Jewish Bible -  Tanakh and Orthodox Jewish Brit Chadasha - The Holy Bible	Bogus
engoke	Targum Onkelos Etheridge	Bogus
engourb	One Unity Resource Bible	Bogus
engtcent	Text-Critical English NT	Bogus
engtnt	Tyndale NT	Bogus
engwebp	World English Bible	Bogus
engwebpb	World English Bible British Edition	Bogus
engwebster	Webster Bible	Bogus
engwebu	World English Bible Updated	Bogus
engwmb	World Messianic Bible	Bogus
engwmbb	World Messianic Bible British Edition	Bogus
engwyc2017	English: Wycliffe's Bible Modern Spelling (with Deuterocanon)	Bogus
engwyc2018	English: Wycliffe's Bible Modern Spelling (Enhanced) (with Deuterocanon)	NoTabEndingColumn
engylt	Young's Literal Translation	Bogus
enq2	Enga NT	Bogus
epo	Esperanto Bible	Bogus
eri	Ogea NT	Bogus
eseNT	Ese Ejja NT	Bogus
eskNT	Northwest Alaska Eskimo NT	Bogus
etr	Edolo Bible	Bogus
ewe	Éwé Bible	Bogus
faa	Fasu NT	Bogus
fad	Wagi Luke	Bogus
fai	Faiwol NT	Bogus
far	Fataleka New Testament	Bogus
ffm	Maasina Fulfulde NT	Bogus
fin	Finnish: Biblica® Avoin Elävä uutinen: Uusi testamentti vapaasti kerrottuna (New Testament)	Bogus
for	Fore NT	Bogus
fraLSG	French Louis Segond 1910 Bible	Bogus
fra_fob	French Ostervald Bible	Bogus
frajnd	French: Bible J.N. Darby	Bogus
francl	French néo-Crampon Libre	Bogus
frasbl	French Free Holy Bible for the World	Bogus
fue	Fulfulde Borgu NT	Bogus
fuf	Pular Fuuta-Jallon New Testament	Bogus
fuhbkf	Fulfulde Burkina NT	Bogus
gah	Alekano Bible	Bogus
gai	New Testament in Mborena Kam language	Bogus
gam	Kandawo NT	Bogus
gaq	Gata Didayi NT	Bogus
gaw	Nobnob NT	Bogus
gax	Guji Oromo Bible	Bogus
gaz	New Oromo Contemporary Version	Bogus
gaze	West Central Oromo Bible	Bogus
gbl	Gamit Bible	Bogus
gdf	Guduf-Gava NT	Bogus
gdn	Umanakaina NT	Bogus
gdr	Wipi NT	NoTabEndingColumn
geb	Kire NT	Bogus
gel	ut-Ma’in: ut-Mai'n Scripture portions (Bible)	Bogus
gfk	Patpatar NT and Psalms	Bogus
gfkh	Hinsaal NT	Bogus
gfks	Sokarek NT	Bogus
gge	Gurrgoni Selections	Bogus
ghn	Ghanongga: Kubokota Adapt New Testament (Bible)	Bogus
ghs	Guhu-Samane NT	Bogus
gia	Kitja Jonah	Bogus
glk	Gilaki John	Bogus
glwl	Glavda NT Portion	Bogus
gmvRNT	Gamo NT	Bogus
gmve	Gamo Bible	Bogus
gmvggm	Gamo NT	Bogus
gmvl	Gamo Bible (Latin)	Bogus
gngNT	Ngangam NT	Bogus
gnn	Gumatj Bible	Bogus
gnwNT	Western Bolivian Guaraní NT	Bogus
gofENT	Gofa NT (Ethiopic script)	Bogus
gofRNT	Gofa NT (Latin script)	Bogus
gofe	Gofa: ጌሻ ማፃፋ Bible	Bogus
gofl	Gofa Bible Latin	Bogus
gofwftw	Gofa NT	Bogus
goj	Gowlan NT	Bogus
gok	Gawli NT	Bogus
grc-tisch	Tischendorf Greek NT	Bogus
grcbrent	Brenton Septuagint	Bogus
grcbyz	Byzantine Greek  NT	Bogus
grcf35	Greek NT Family 35	Bogus
grcmt	Greek Majority Text NT	Bogus
grcsbl	SBL Greek NT	Bogus
grcsr	Solid Rock Greek New Testament	Bogus
grctcgnt	Text-Critical Greek NT	Bogus
grctr	Textus Receptus	Bogus
gubBl	Guajajára Bible	NoTabEndingColumn
gue	Gurindji Scripture Portions	Bogus
guf	Gupapuyngu Bible Portions	Bogus
guh	Guahibo NT	Bogus
guiNT	Eastern Bolivian Guaraní NT	Bogus
guj2017	Gujarati Indian Revised Version Bible	Bogus
gulNT	Sea Island Creole English NT	Bogus
gum	Guambiano NT	Bogus
gun	Mbyá Guaraní NT	Bogus
guoNT	Guayabero NT	Bogus
gup	Kunwinjku Bible	Bogus
gupk	Kuninjku Gospel Selections	Bogus
gupmay	Mayali Selections	Bogus
gux	Gourmanchéma NT	Bogus
guxg	Gourmanchéma NT	Bogus
gvc	Guanano NT	Bogus
gvf	Golin NT	Bogus
gvn	Kuku-Yalanji Bible	Bogus
gvs	Gumawana Bible	Bogus
gwiNT	Gwich'in NT	Bogus
gyl	Goyil NT	Bogus
gymNT	Ngäbere NT	Bogus
gyrNT	Guarayu NT	Bogus
gyz	Geji NT	Bogus
hat	Haitian Creole Bible 1985	Bogus
hatbsa	Haitian Creole Bible 2023	Bogus
hausa	Hausa Contemporary Bible	Bogus
hauulb	Hausa NT	Bogus
hav	Havu NT	Bogus
haw1868	Hawaiian Bible 1868	Bogus
hbo	Hebrew Masoretic OT	Bogus
hboWLC	Westminster Leningrad Codex Hebrew OT	Bogus
hch	Huichol Bible 2020	Bogus
hchNT	Huichol NT 1988	Bogus
heb	Modern Hebrew Bible	Bogus
heblb	Hebrew Living NT	NoTabEndingColumn
hebsg	Salkinson Hebrew NT	Bogus
hebwlc	Hebrew OT (WLC)	Bogus
hegNTpo	Helong Bible	Bogus
hil	Hiligaynon: Biblica® Libre Ang Pulong Sang Dios (Bible) for the Philippines	Bogus
hin2017	Hindi Indian Revised Version Bible	Bogus
hincv	Hindi Contemporary Version Bible	Bogus
hixNT	Hixkaryána NT	Bogus
hla	Halia NT	Bogus
hlb	Halbi NT	Bogus
hlt	Matupi Chin Standard Bible w/ Strongs	Bogus
hltmcsb	Matupi Chin Standard Bible 2019	Bogus
hltthb	Tuivang Matu Chin Bible	Bogus
hmo	Hiri Motu Bible	Bogus
hne	Chhattisgarhi Bible	Bogus
hnsNT	Caribbean Hindustani NT	Bogus
hopNT	Hopi NT	Bogus
hot	Malei-Hote NT	Bogus
hoy	Holiya Bible	Bogus
hrebt	Hre NT (Baq Thi)	Bogus
hru	Hruso: Aka (Hrusso) Bible (Portions)	Bogus
hrv	Croatian Bible	Bogus
hrvbib	Croatian NT (Biblica)	Bogus
hrw	Feni NT	Bogus
hto	Minica Huitoto NT	Bogus
hubNT	Huambisa NT	Bogus
hui	Huli Bible	Bogus
hun	Hungarian Bible	Bogus
husNT1971	Huastec San Luis Potosi NT	Bogus
husNT2005	Huastec Aquiche NT	Bogus
huuNT	Murui Huitoto	Bogus
huvNT	San Mateo Del Mar Huave NT	Bogus
hvn	Hawu Mark	Bogus
hwo	Hwana Bible	Bogus
ian	Iatmul NT	Bogus
ibd	Iwaidja Selections	NoTabEndingColumn
ibo	Igbo Bible	Bogus
idc	Ajiya: Ajigha NT Portion (New Testament)	Bogus
ignNT	Ignaciano NT	Bogus
ikkNT	Ika NT	Bogus
ikwNT	Ikwere NT	Bogus
ikz	Ikizu NT	Bogus
iloulb	Ilocano Bible	Bogus
imo	Imbo Ungu NT	Bogus
inb	Inga NT	Bogus
ind	Indonesian Bible (TSI)	Bogus
indags	Indonesian Bible for All	Bogus
indayt	Indonesian AYT Bible	Bogus
ino	Inoke-Yate NT	Bogus
ino2013	New Testament in Inoke-Yate	Bogus
iou	Tuma-Irumu Bible	Bogus
ipi	Ipili Bible	Bogus
isl	Icelandic: Biblica® Opna Lifandi Orð Nýja testamentið og Sálmarnir™ (New Testament with )	Bogus
isn	Isanzu NT	Bogus
ita1885	Italian Diodati Bible	Bogus
ita1927	Italian Riveduta Bible	Bogus
iws	Sepik Iwam NT	Bogus
ixlCNT	Ixil Cotzal NT	Bogus
ixlNNT	Ixil Nebaj NT	Bogus
iyx	Ivatan Bible	Bogus
jacNT	Eastern Jakalteko NT	Bogus
jae	Yabem Bible	Bogus
jao	Yanyuwa Bible portions	Bogus
jay	Yan-nhangu Selections	Bogus
jicNT	Tol NT	Bogus
jid	Bu NT	Bogus
jivNT	New Testament in Shuar	Bogus
jni	Janji NT	Bogus
jnje	Yemsa NT Ethiopic	Bogus
jnjl	Yemsa NT Latin	Bogus
jpn1965	New Japanese NT	NoTabEndingColumn
jum	Jumjum Bible	Bogus
juy	Juray: ଆଜାଡ଼ି ତଙରନ୍ (Bible)	Bogus
jvnNT	Caribbean Javanese NT	Bogus
kanirv	Kannada Indian Revised Version Bible	Bogus
kanokcv	Kanada Open Contemporary Version Bible	Bogus
kans	Siddi NT	Bogus
kaqNT	Capanahua NT	Bogus
kbcNT	Kadiwéu NT	Bogus
kbh	Camsá NT	Bogus
kbm	Iwal NT	Bogus
kbq	Kamano-Kafe Bible	Bogus
kca	Khanty Bible	Bogus
kdc	Kutu NT	Bogus
kdc2014	Kutu NT 2014	Bogus
kde	Makonde Bible	Bogus
kdl	Tsikimba OT	Bogus
kdlNT	Tsikimba NT	Bogus
kekNT	Q'eqchi' Bible	Bogus
kenNT	Kenyang NT	Bogus
kew	West Kewa Bible	Bogus
kfcp	The New Testament in the Konda Porja Language of India. Konda-Dora: ମାପୁରୁଦି ସ ବାକ୍ୟ (Bible)	Bogus
kff	Koya NT	Bogus
kfw	Kharam NT	Bogus
kgf	Kube NT with Psalms	Bogus
kgkNT	Kaiwá NT	Bogus
kgpNT	Kaingang NT	Bogus
khj	Kuturmi NT	Bogus
khs	Kasua NT	Bogus
khz	Keapara Kalo NT	Bogus
kij	Kilivila: Buki Pilabumaboma Kabutubogwa Deli Kabutuvau Bible	Bogus
kik	Kikuyu Bible	Bogus
kiw	Kope Luke	Bogus
kiz	Kisi NT	Bogus
kjeNT	Kisar NT	Bogus
kjn	Kunjen Mark Portions	NoTabEndingColumn
kjs	East Kewa NT	Bogus
kkc	Odoodee partial NT	Bogus
kkl	Mek Kosarek Bible	Bogus
kky	Gugu Yimidhirr Matthew Sample	Bogus
kld	KAMILAROI SAYINGS	Bogus
klg	Tagakaulo NT	Bogus
klt	Nukna Bible	Bogus
klv	Maskelynes NT	Bogus
kmg	Kâte NT	Bogus
kmh	Kalam NT	Bogus
kmh-m	Minimib NT	Bogus
kmk	Limos Kalinga NT	Bogus
kmo	Washkuk NT	Bogus
kms	Kamasau NT	Bogus
kmu	Kanite NT	Bogus
kne	Kankanaey Bible	Bogus
knf	Mankanya NT and partial OT	Bogus
knjNT	Akateko NT	Bogus
knv-aramia	Tabo Aramia NT	Bogus
knv-fly_river	Tabo Fly River NT	Bogus
kor	Korean Bible 1910	Bogus
kos	Kosraean Bible	Bogus
kpf	Komba NT	Bogus
kpg	Kapingamarangi Bible	Bogus
kpjNT	Karajá NT	Bogus
kpr	Korafe NT with Psalms	Bogus
kpw	Kobon NT	Bogus
kpx	Mountain Koiali NT	Bogus
kqa	Mum NT Portions	Bogus
kqc	Doromu-Koki Bible	Bogus
kqf	Kakabai Bible portions	Bogus
kql	Kyenele Mark	Bogus
kqw	Kandas NT	Bogus
krh	Kurama: Akurumi NT Portion (New Testament)	Bogus
ksd	Kauana Bible	NoTabEndingColumn
ksj	Uare NT	Bogus
ksr	Borong NT  with  OT portions	Bogus
ktm	Kurti Scripture Portions	Bogus
kto	Kuot NT	Bogus
kud	'Auhelawa NT	Bogus
kud2014	’Auhelawa: Yaubada Yana Walo Yemidi Vauvauna New Testament	Bogus
kue	Kuman NT	Bogus
kup	Kunimaipa NT	Bogus
kux	Kukatja Bible portions	Bogus
kvg	Kuni-Boazi Bible	Bogus
kvnNT	Border Kuna NT	Bogus
kwd	Kwaio NT	Bogus
kwf	Kwara'ae Bible	Bogus
kwi	Awa-Cuaiquer NT	Bogus
kwj	Kwanga NT	Bogus
kxv	The New Testament in the Kuvi language of India: ପୁଃନି ମେ଼ରା (Bible)	Bogus
kxw	Konai NT	Bogus
kyc	Kyaka Enga Bible	Bogus
kyf	Kouya NT	Bogus
kyg	Keyagana Bible	Bogus
kyq	Kenga NT	Bogus
kyzNT	Kayabí NT	Bogus
kze	Kosena NT	Bogus
lacNT	Lacandon NT	Bogus
lag	Rangi NT	Bogus
latVUC	Clementine Vulgate 1598	Bogus
lbb	Label NT	Bogus
lbk	Central Bontok NT	Bogus
lbm	Lodhi NT	Bogus
lcm	Tungag Bible	Bogus
ldb	Duya NT	Bogus
leu	Kara NT	Bogus
lex	Luang Bible	Bogus
lga	Lungga Bible	Bogus
lgl	Wala New Testament	NoTabEndingColumn
lid	Nyndrou NT  with  OT portions	Bogus
lifNT	Limbu NT (Limbu Script)	Bogus
lifNT2	Limbu NT (Devangari Script)	Bogus
lin	Lingala Bible	Bogus
lit	Lithuanian Believers' Heritage Translation	Bogus
litb	Open Lithuanian Scriptures	Bogus
llg	Rote Lole Bible	Bogus
lrg	Larrakia Christmas Story	Bogus
lth	Thur NT	Bogus
lug	Luganda Bible	Bogus
luo	Dholuo Bible	Bogus
lww	Lewo NT	Bogus
lyn	Luyana NT	Bogus
maaNT	San Jerónimo Tecóatl Mazatec NT	Bogus
majNT	Jalapa de Díaz Mazatec NT	Bogus
mal	Malayalam Indian Revised Version Bible	Bogus
mal2015	Malayalam 1910  Contemporary Orthography	Bogus
malc	Malayalam Contemporary Bible	Bogus
mamC	Mam Comitancillo NT	Bogus
mamNT	Mam Todos Santos NT	Bogus
maqNT	Chiquihuitlán Mazatec NT	Bogus
mar	Marathi Indian Revised Version Bible	Bogus
marc	Marathi: Biblica®	Bogus
mauNT	Huautla Mazatec NT	Bogus
mavNT	Sateré-Mawé NT	Bogus
mazNT	Central Mazahua NT	Bogus
mbbOT	Western Bukidnon Manobo OT	Bogus
mbcNT	Macushi NT	Bogus
mbh	Mangseng NT	Bogus
mbjNT	Nadëb NT	Bogus
mblNT	Maxakalí NT	Bogus
mbs	Sarangani Manobo NT	Bogus
mbtNT	Matigsalug Manobo NT	Bogus
mbu	Mbula-Bwazza NT	Bogus
mca	Maka NT	NoTabEndingColumn
mcbNT	Machiguenga NT	Bogus
mcdNT	Sharanahua NT	Bogus
mcfNT	Matsés NT	Bogus
mcoNT	Coatlán Mixe NT	Bogus
mcp	Makaa NT	Bogus
mcq	Managalasi NT	Bogus
mcr	Menya NT	Bogus
mdybse	Maale NT	Bogus
mdyeth	Maale Bible (Ethiopic script)	Bogus
med	Melpa NT	Bogus
mee	Mengen NT	Bogus
mek	Mekeo NT	Bogus
meq	Merey NT	Bogus
met	Mato Bible	Bogus
meu	Motu Bible	Bogus
mey	Hassaniyya Bible	Bogus
mfm	Marghi South NT	Bogus
mfo	Mbe OT	Bogus
mfxe	Melo NT Ethiopic	Bogus
mfxl	Melo NT	Bogus
mgc	Morokodo Bible Portions	Bogus
mgh	Makhuwa-Meetto NT	Bogus
mgh2016	Makhuwa-Meetto: Makua New Testament 2015 New Testament	Bogus
mgj	Abureni NT	Bogus
mgv	Matengo: Amatengu (New Testament)	Bogus
mgw	Matumbi NT	Bogus
mhl	Mauwake NT	Bogus
mibNT	Atatláhuca Mixtec	Bogus
micMIQNT	Mi'kmaq NT	Bogus
mieNT	Ocotepec Mixtec	Bogus
migNT	San Miguel el Grande Mixtec NT	Bogus
mihNT	Chayuco Mixtec NT	Bogus
milNT	Peñoles Mixtec NT	Bogus
mioNT	Pinotepa Nacional Mixtec NT	Bogus
mirNT	Isthmus Mixe NT	NoTabEndingColumn
mitNT	New Testament in Mixtec, Southern Puebla (MX:mit:Mixtec, Southern Puebla)	Bogus
mizNT	Coatzospan Mixtec NT	Bogus
mjcNT	San Juan Colorado Mixtec NT	Bogus
mkj	Mokilese Bible	Bogus
mkl	Monkole NT	Bogus
mkn	Kupang Malay Bible	Bogus
mksNT	Silacayoapan Mixtec NT	Bogus
mkw	Kituba Bible	Bogus
mle	Manabu NT	Bogus
mlh	Mape NT	Bogus
mlp	Bargam NT	Bogus
mmo	Mangga Buang NT	Bogus
mmx	Madak NT with Psalms	Bogus
mna	Mbula Bible	Bogus
mni	Meitei Bible	Bogus
mopNT	Mopán Maya NT	Bogus
mox	Molima NT	Bogus
mpa	Mpoto NT	Bogus
mph	Mawng Bible Portions	Bogus
mpj	Martu Wangka Bible	Bogus
mpmNT	Yosondúa Mixtec NT	Bogus
mpp	Migabac Bible	Bogus
mps	Dadibi Bible	Bogus
mpt	Mian NT	Bogus
mpx	Misima-Paneati Bible	Bogus
mqbNT	Mbuko NT	Bogus
mqjNT	Mamasa NT	Bogus
msb	Masbatenyo NT	Bogus
msc	Sankaran Maninka Bible Portions	Bogus
msk	Mansaka NT	Bogus
msmNT	Agusan Manobo NT	Bogus
msy	Aruamu NT	Bogus
msy2020	Aruamu Bible	Bogus
mti	Maiwa NT	Bogus
mtoNT	Totontepec Mixe NT	NoTabEndingColumn
mux	Bo-Ung NT	Bogus
muy	Muyang NT	Bogus
mva	Manam NT	Bogus
mvn	Minaveha NT	Bogus
mwc	Are Bible	Bogus
mwe	Mwera Bible	Bogus
mwf2018	Murrinhpatha Bible	Bogus
mwp	Kala Lagaw Bible	Bogus
mxbNT	Tezoatlán Mixtec NT	Bogus
mxm	Meramera NT	Bogus
mxpNT	Tlahuitoltepec Mixe NT	Bogus
mxqNT	Juquila Mixe NT	Bogus
mxtNT	Jamiltepec Mixtec NT	Bogus
mya	Burmese Common Language Bible	Bogus
myajvb	Judson Burmese Bible	Bogus
myk	Mamara Sénoufo NT and portions of the OT	Bogus
myu	Mundurukú NT	Bogus
myw	Muyuw NT	Bogus
myy	New Testament in Macuna	Bogus
mzq	Mori Atas NT	Bogus
mzz	Maiadomu Mark	Bogus
nabNT	Southern Nambikuára NT	Bogus
naf	Nabak NT	Bogus
nag	Nagamese NT	Bogus
nak	Nakanai NT	Bogus
nal	Nalik NT	Bogus
nas	Naasioi NT	Bogus
nay	Ngarrindjeri Scriptures	Bogus
nbq	Nggem NT	Bogus
nca	Iyo NT	Bogus
nce	Portions of the Holy Bible in the Yalë language of Papua New Guinea	Bogus
ncf	Notsi NT	Bogus
nchBl	Huasteca Central Nahuatl Bible	Bogus
ncjNT	Northern Puebla Nahuatl NT	Bogus
nck	Nakara Selections	NoTabEndingColumn
nclNT	Michoacán Nahuatl NT	Bogus
ncr	Ncane NT	Bogus
ncuNT	Chumburung NT	Bogus
nde	Ndebele Bible	Bogus
ndg	Ndengereko NT	Bogus
ndj	Ndamba New Testament	Bogus
nfa	Dhao Bible	Bogus
ngp	Nguu New Testament	Bogus
nguNT	Guerrero Nahuatl NT	Bogus
nheBl	Huasteca Oriental Nahuatl Bible 2005	Bogus
nheNT	Huasteca Oriental Nahuatl NT 2009	Bogus
nhgNT	Tetelcingo Nahuatl NT	Bogus
nhiNT	Zacatlán-Ahuacatlán-Tepetzintla Nahuatl NT	Bogus
nho	Takuu NT	Bogus
nhr	Naro NT	Bogus
nhuNT	Noone NT	Bogus
nhwBl	Huasteca Occidental Nahuatl Bible	Bogus
nhyNT	Northern Oaxaca Nahuatl NT	Bogus
nif	Nek NT	Bogus
nii	Nii NT	Bogus
ninNT	Ninzo NT	Bogus
nit	Kolami, Southeastern: కొత్త కరార్ (Bible)	Bogus
njd	Ndonde Hamba NT	Bogus
nkn	Nkangala NT	Bogus
nkoNT	New Testament in Nkonya (GH:nko:Nkonya)	Bogus
nld	Dutch Bible 1917	Bogus
nld1939	Dutch Bible, Petrus Canisius	Bogus
nldgbv	Dutch: Gods Boek	Bogus
nldnbg	Dutch NBG 1951 Bible	Bogus
nlg	Gela Bible	Bogus
nmws	Saisai Matthew  with  Ephesians	Bogus
nna	Nyangumarta Bible	Bogus
nnq	Ngindo New Testament	Bogus
noaE	Woun Meu NT	Bogus
noaH	Woun Meu NT	NoTabEndingColumn
noblb	Norwegian Living NT	Bogus
nop	Numanggang Bible	Bogus
notNT	Nomatsiguenga NT	Bogus
nou	Ewage-Notu NT	Bogus
npioncb	Nepali Contemporary Bible	Bogus
npiulb	Nepali Bible	Bogus
nplNT	Southeastern Puebla Nahuatl NT	Bogus
nrz	Nara NT	Bogus
nsn	Nehan NT	Bogus
nss	Nali Bible	Bogus
ntj	Ngaanyatjarra Shorter Bible	Bogus
ntpNT	Northern Tepehuan NT	Bogus
ntu	Natqgu NT with Ruth and Psalms	Bogus
nuq	Nukumanu NT	Bogus
nuy	Wubuy Shorter  Bible	Bogus
nvm	Namiai NT	Bogus
nwi	Southwest Tanna NT	Bogus
nww	Ndwewe NT	Bogus
nya	Chichewa Bible	Bogus
nys	Noongar Bible	Bogus
oboNT	Obo Manobo NT	Bogus
okv	Orokaiva Etija NT	Bogus
okvh	Orokaiva Ehija NT	Bogus
omb	Ambae, East: Waratau Siaga Tatuei mo Vilegi (Old Testament)	Bogus
omw	South Tairora NT	Bogus
omw-a	South Tairora Aatasara John & Mark	Bogus
omw-v	South Tairora Veqaura NT	Bogus
ong	Olo NT	Bogus
ons	Ono NT	Bogus
oodNT	Tohono O'odham NT	Bogus
opm	Oksapmin NT	Bogus
ory	Oriya Indian Revised Version Bible	Bogus
oteNT	Mezquital Otomi NT	Bogus
otmNT	Eastern Highland Otomi NT	Bogus
otnNT	Tenango Otomi NT	NoTabEndingColumn
otqNT	Querétaro Otomi NT	Bogus
otsNT	Estado de México Otomi NT	Bogus
oyde	Oyde NT Ethiopic	Bogus
oydl	Oyda NT Latin	Bogus
pabNT	Parecís NT	Bogus
padNT	Paumarí NT	Bogus
pahNT	Tenharim NT	Bogus
pan	Punjabi Indian Revised Version Bible	Bogus
paoNT	Northern Paiute NT	Bogus
pdo	Padoe NT	Bogus
peg	Pengo NT	Bogus
pesOPV	Old Persion Version Bible	Bogus
pesopcb	Open Persian Contemporary Bible	Bogus
pga	Sudanese Creole Arabic Bible	Bogus
pibNT	Yine NT	Bogus
pioNT	Piapoco NT	Bogus
pirNT	Piratapuyo NT	Bogus
piu2006	Luritja Bible	Bogus
pjt	Pitjantjatjara Shorter Bible	Bogus
plj	Polci NT	Bogus
pll	Shwe Palaung NT	Bogus
plsNT	San Marcos Tlalcoyalco Popoloca NT	Bogus
plu	Palikúr NT	Bogus
pma	Paama Bible	Bogus
poeNT	San Juan Atzingo Popoloca NT	Bogus
pohNT	Poqomchi' Occidental NT	Bogus
poiNT	Highland Popoluca NT	Bogus
polsz	Polish OPLNT	Bogus
polubg	Polish Updated Gdansk Bible	Bogus
pon	Pohnpeian NT & Psalms, old alphabet	Bogus
pon-pdn	Pohnpeian NT & Psalms, new alphabet	Bogus
pon2006	Pohnpeian Bible 2006	Bogus
pon2006a	Pohnpeian Bible with Apocrypha 2006	Bogus
porblt	Portuguese Free Bible for All	Bogus
porbr2018	Portuguese Bíblia Livre	NoTabEndingColumn
porbrbsl	World Portuguese Bible	Bogus
poronbv	Portuguese ONBV	Bogus
portft	Portuguese Translation for Translators	Bogus
poy	The New Testament in Pogoro	Bogus
ppo	Folopa NT	Bogus
prfNT	New Testament in Paranan (RP:prf:Paranan)	Bogus
priNT	Paicî NT	Bogus
ptp	Patep NT	Bogus
ptu	Bambam Bible	Bogus
pub	First Purum Bible Translation	Bogus
puu	Punu NT	Bogus
pwg	Gapapaiwa NT	Bogus
pwr	Powari NT	Bogus
qub	Huallaga Huánuco Quechua NT	Bogus
qucNNT	K'iche' Cantel NT, new spelling	Bogus
qucTNT	K'iche' Cantel NT, traditional spelling	Bogus
quctt	K’iche’ of Totonicapan NT	Bogus
qufNT	Lambayeque Quechua NT	Bogus
quhNT	South Bolivian Quechua NT	Bogus
qulNT	North Bolivian Quechua NT	Bogus
qupNT	Southern Pastaza Quechua NT	Bogus
qvcNT	Cajamarca Quechua NT	Bogus
qveNT	Eastern Apurímac Quechua NT	Bogus
qvhNT	Huamalíes-Dos de Mayo Huánuco Quechua NT	Bogus
qvmNT	Margos-Yarowilca-Lauricocha Quechua NT	Bogus
qvnNT	North Junín Quechua NT	Bogus
qvsNT	San Martín Quechua NT	Bogus
qvwNT	Huaylla Wanca Quechua NT	Bogus
qvzNT	Northern Pastaza Quichua NT	Bogus
qwhNT	Huaylas Ancash Quechua NT	Bogus
qxhNT	Panao Huánuco Quechua NT	Bogus
qxnNT	Northern Conchucos Ancash Quechua NT	Bogus
qxoNT	Southern Conchucos Ancash Quechua NT	Bogus
rai	Ramoaaina NT	Bogus
reg	Kara NT	NoTabEndingColumn
rei	Reli Bible	Bogus
rgu	Rote Rikou Bible	Bogus
rhg	Rohingya: Rohingya Bible Translation Project (Bible)	Bogus
rhgc	Rohingya: Kitabul Mukaddos or Injil Córif (Bible)	Bogus
rifa	Tarifit Bible (Arabic Script)	Bogus
rifl	Tarifit Bible Latin Script	Bogus
rift	Tarifit Bible Tifinagh Script	Bogus
rkbNT	Rikbaktsa NT	Bogus
rki	Rakhine Bible	Bogus
rmb	Rembarrnga Christmas Story	Bogus
rmc	Eastern Slovak Romani Bible	Bogus
rmczrb	Carpathian Romani Luke	Bogus
rmn	Balkan Romani Bible portions	Bogus
rmna	Balkans Arli Bible	Bogus
rmyArli	Arli Luke	Bogus
rmyChergash	Chergash NT	Bogus
rmyGurbet	Gurbet NT	Bogus
rmylovari	Lovari Vlax Romani Bible	Bogus
rmyservi	Servi Romani Bible portions	Bogus
rmyvlakh	Eastern Vlakh Romani	Bogus
ron1924	Romanian Bible (Cyrillic)	Bogus
ronBayash	Bayash Bible	Bogus
ronbtf	Romanian BTF Bible	Bogus
ronlsb	Romanian Free Holy Bible	Bogus
ronludari	Ludari Luke	Bogus
roo	Rotokas NT	Bogus
rop	Kriol Bible	Bogus
row	Rote Dela Bible	Bogus
rro	Waima NT	Bogus
ruf	Luguru NT	Bogus
rug	Roviana Bible	Bogus
russyn	Russian Synodal Bible	Bogus
rwo-karo	Rawa Karo NT	Bogus
rwo-rawa	Rawa NT	Bogus
sabNT	Buglere NT	NoTabEndingColumn
sanasm	Sanskrit New Testament in Assamese Script	Bogus
sanben	Sanskrit NT in Bengali Script	Bogus
sanbur	Sanskrit Language NT in Burmese Script	Bogus
sancol	New Testament in Sanskrit Language; printed in Cologne Script	Bogus
sandev	Sanskrit NT in Devanagari Script	Bogus
sanguj	Sanskrit NT in Gujarati Script	Bogus
sanhk	Sanskrit NT in Harvard-Kyoto Script	Bogus
sanias	New Testament in Sanskrit Language; printed in IAST Script	Bogus
saniso	Sanskrit NT in ISO Script	Bogus
sanitr	Sanskrit NT in ITRANS Script	Bogus
sankan	Sanskrit NT in Kannada Script	Bogus
sankhm	Sanskrit NT in Khmer Script	Bogus
sanmal	Sanskrit NT in Malayalam Script	Bogus
sanori	Sanskrit NT in Oriya Script	Bogus
sanpun	Sanskrit NT in Punjabi Script	Bogus
sansin	Sanskrit NT in Sinhala Script	Bogus
santam	Sanskrit NT in Tamil Script	Bogus
santel	Sanskrit NT in Telugu Script	Bogus
santha	Sanskrit NT in Thai Script	Bogus
santib	Sanskrit NT in Tibetan Script	Bogus
sanurd	Sanskrit NT in Urdu Script	Bogus
sanvel	Sanskrit NT in Velthuis Script	Bogus
sav	Saafi-Saafi Bible	Bogus
sbe	Saliba NT	Bogus
sbk	Safwa NT	Bogus
sbs	Kuhane NT	Bogus
sby	Soli NT	Bogus
sce	Donxian NT	Bogus
sch	Sakachep NT	Bogus
seh	Sena NT	Bogus
seyNT	Secoya NT	Bogus
sgb	Mag-antsi Ayta NT	Bogus
sgz	Sursurunga NT	Bogus
shj	Caning Bible Translation	Bogus
shpNTpo	Shipibo-Conibo Bible	NoTabEndingColumn
shr	Mashi Bible	Bogus
sim	Mende NT	Bogus
six	Somau Karia NT	Bogus
sjaNT	Epena NT	Bogus
sle	Sholaga NT	Bogus
slk	Slovak NT	Bogus
sll	Salt-Yui NT	Bogus
smkNT	Bolinao NT	Bogus
sna	Shona Bible	Bogus
snc	Sinaugoro NT	Bogus
snnNT	Siona NT	Bogus
snp	Siane Komongu NT	Bogus
snp-lambau	Siane Lambau NT	Bogus
snx	Sam Mark	Bogus
sny	Saniyo-Hiyewe NT	Bogus
som	Somali Bible	Bogus
soq	Kanasi NT	Bogus
soy	Sola NT	Bogus
spaRV1909	Reina Valera 1909	Bogus
spabes	La Biblia en Español Sencillo	Bogus
spablm	Spanish Free Bible for the World	Bogus
spaonbv	Spanish ONBV	Bogus
spapddpt	Spanish Bible (God's Word for You)	Bogus
sparvg	RVG Spanish Bible	Bogus
spav1602p	Spanish Valera Purificada	Bogus
spavbl	Spanish Free Bible Version	Bogus
spl	Selepet NT	Bogus
spm	Published Mark & Acts	Bogus
spp	Supyire Sénoufo NT	Bogus
sps	Saposa NT	Bogus
spyNT	Sabaot NT	Bogus
sri	Siriano NT	Bogus
srmNT	Saramaccan NT	Bogus
srnNT	Sranan NT	Bogus
srp1865	Serbian Bible	NoTabEndingColumn
srponspc	Serbian ONSP Cyrillic	Bogus
srponstl	Serbian ONST Latin	Bogus
srqNT	Sirionó NT	Bogus
ssd	Siroi Bible	Bogus
ssg	Seimat NT	Bogus
ssx	Sembeleke Bible	Bogus
stpNT	Southeastern Tepehuan NT	Bogus
stw	Satawalese: Pwapwior we e Santus (New Testament)	Bogus
sua	Sulka NT	Bogus
sue	Suena NT	Bogus
sur	Mwaghavul NT	Bogus
sus	Susu Bible	Bogus
susa	Susu Bible (Arabic script)	Bogus
suzBl	Sunwar Bible	Bogus
swe	Swedish NT	Bogus
swef	Swedish Folkbibleln	Bogus
swh1850	Swahili Bible	Bogus
swhonen	Kiswahili Contemporary Version	Bogus
swhonmm	Swahili ONMM	Bogus
swhulb	Swahili Unlocked Literal Bible	Bogus
swp	Suau Bible	Bogus
sxbNT	Suba NT	Bogus
tacNT	Western Tarahumara NT	Bogus
taj	Eastern Tamang NT	Bogus
tam2017	Tamil Indian Revised Version Bible	Bogus
tamtcv	Biblica® திறந்தநிலை தமிழ் சமகால பதிப்பு	Bogus
tap	Kitaabua NT	Bogus
tav	New Testament in Tatuyo	Bogus
taw	Tai NT	Bogus
tbc	Takia NT	Bogus
tbf	Mandara Bible	Bogus
tbg	North Tairora	Bogus
tbg-a	North Tairora Arau Bible	Bogus
tblNT	Tboli NT	Bogus
tbo	Tawala NT	NoTabEndingColumn
tbx	Kapin Bible	Bogus
tbzsim	Ditammari Bible	Bogus
tcaNT	Ticuna NT	Bogus
tcn	Tichurong: तिचुरोङ क्येला सारबा करारयि किताबतेबा (Bible with Deuterocanon)	Bogus
tcs	Yumplatok Bible	Bogus
tczchongthu	Chongthu Bible	Bogus
tdt	Tetun Dili NT	Bogus
tdx	Tandroy Bible	Bogus
teeNT	Huehuetla Tepehua NT	Bogus
tel2017	Telugu Indian Revised Version Bible	Bogus
telotsa	Telugu OTSA	Bogus
terNT	Terêna NT	Bogus
tet	Tetun Bible	Bogus
tew	Tewa NT	Bogus
tfrNTpo	Teribe Bible	Bogus
tgj	Tagin first Bible translation based on TEV (Good News)	Bogus
tgk	Tajik Bible	Bogus
tglulb	Tagalog Bible	Bogus
tgo	Sudest Bible Portions	Bogus
tgp	Tangoa NT	Bogus
thaKJV	Thai KJV Bible	Bogus
thd	Thayorre Bible Portions	Bogus
thr	Rana Tharu NT	Bogus
tif	Tifal NT	Bogus
tim	Timbe NT	Bogus
tiw	Tiwi Gospels	Bogus
tiwm	Tiwi Selections	Bogus
tiy	Tiruray NT	Bogus
tke	Takwane NT	Bogus
tkr	Tsakhur Bible	Bogus
tkuNT	Upper Necaxa Totonac	Bogus
tlf	Telefol NT	Bogus
tmd	Haruai NT	Bogus
tnaNT	Tacana NT	Bogus
tnc	Tanimuca-Retuarã NT portions	NoTabEndingColumn
tnk	Nafe NT	Bogus
tnn	North Tanna NT	Bogus
tnp	Whitesands NT	Bogus
tocNT	Coyutla Totonac NT	Bogus
tod	Toma Bible Portions	Bogus
tof	Gizrra Bible	Bogus
tojNT	Tojolabal NT	Bogus
ton	Revised West Version	Bogus
tooNT	Xicotepec De Juárez Totonac NT	Bogus
topNT	Papantla Totonac NT	Bogus
tosNT	Highland Totonac NT	Bogus
tpa	Taupota Mark	Bogus
tpi	Tok Pisin Bible with Deuterocanon	Bogus
tpiOTNT	Tok Pisin Bible	Bogus
tptNT	Tlachichilco Tepehua NT	Bogus
tpz	Tinputz Vasui NT	Bogus
trcNT	Copala Triqui NT	Bogus
tsn	Open Tswana Living NT	Bogus
tsw	Tsishingini OT	Bogus
tswNT	Tsishingini NT	Bogus
ttcNT	Tektiteko NT	Bogus
tte	Bwanabwana NT	Bogus
tteo	Bwanabwana OT	Bogus
tuc-o	Saveeng Oov Bible	Bogus
tuc-t	Saveeng Tuam Bible	Bogus
tue	Tuyuca NT	Bogus
tuf	Central Tunebo NT	Bogus
tuoNT	Tucano NT	Bogus
turobt	Open Basic Turkish New Testament	Bogus
turytc	Turkish WEB	Bogus
tvk	Southeast Ambrym Bible portions	Bogus
tvn	Tavoyan Bible	Bogus
tvt	Tutsa Naga NT	Bogus
twi	Akuapem Twi Bible	Bogus
twiasante	Asante Twi Bible	NoTabEndingColumn
txq	Rote Tii Bible	Bogus
txuNT	Kayapó NT	Bogus
tyx	Teke-Tyee NT	Bogus
tzjE	Eastern Tz'utujil NT	Bogus
tzjNT	Western Tz'utujil NT	Bogus
tzoNT	Tzotzil Huixtan NT	Bogus
tzoSA	San Andres Tzotzil NT	Bogus
tzoZNT	Tzotzil Zinacantan NT	Bogus
tzotzc	Tzotzil de Chamula NT	Bogus
tzotze	Tzotzil de Chenalhó NT	Bogus
ubr	Ubir Bible	Bogus
ubu-andelale	Umbu-Ungu Andelale NT	Bogus
ubu-kala	Umbu-Ungu Kala NT	Bogus
ubu-nopenge	Umbu-Ungu No Penge NT	Bogus
udu	Uduk Bible	Bogus
uigara	Uyghur Bible (arabic script)	Bogus
uigcyr	Uyghur Bible (cyrillic script)	Bogus
uiglat	Uyghur Bible (modern latin script)	Bogus
uigpin	Uyghur Bible (former latin script)	Bogus
ukr1871	Ukrainian Bible by P. Kulish	Bogus
ukr1996	Ukrainian Bible, BJU 1996	Bogus
ukrfb	Ukrainian Freedom Bible	Bogus
ukronpu	New Ukranian Translation NT with Psalms	Bogus
uli	Ulithian NT	Bogus
ulk	Meriam Mir Bible	Bogus
ulk1902	Meriam Mir Bible	Bogus
unx	Munda NT	Bogus
upv	Uripiv New Testament	Bogus
uraNT	Urarina NT	Bogus
urbNT	Kaapor NT	Bogus
urd	Urdu IRV Bible	Bogus
urdgvh	Urdu Geo Bible, Hindi Script	Bogus
urdgvr	The Holy Bible in Urdu, Urdu Geo Version, Roman Script	Bogus
urdgvu	Urdu Geo Bible (Urdu Script)	Bogus
urdoucv	Urdu: Biblica® آزادانہ اردو ہم عصر ترجمہ (Bible)	NoTabEndingColumn
uri	Urim: Wurkapm a Maur Wailen Portions	Bogus
urim	Urim NT	Bogus
uro	Ura NT	Bogus
urt	Urat New Testament	Bogus
urw	Sop Jonah and Luke	Bogus
usa	Usarufa Bible	Bogus
uspNT	Uspanteko NT	Bogus
utr	Etulo NT	Bogus
uvh	Urii NT	Bogus
uvl	Lote Bible	Bogus
vaa	Vaagri Booli NT	Bogus
vgr	Vaghri NT	Bogus
vid	Vidunda NT	Bogus
vie1934	Vietnamese Bible 1923	Bogus
vieovcb	Vietnamese Contemporary Bible	Bogus
viv	Iduna NT	Bogus
vmyNT	NT in Ayautla Mazateco	Bogus
waj	Waffa NT	Bogus
wal	Wolaytta Bible	Bogus
wapNT	Wapishana NT	Bogus
wat	Kaninuwa Bible	Bogus
wbi	Vwanji NT	Bogus
wbp	Warlpiri Bible	Bogus
wbq	Waddar Bible	Bogus
wed	Wedau Mark	Bogus
wed-topura	Wedau Topura Mark	Bogus
wer	Weri NT	Bogus
wim	Wik-Mungkan NT	Bogus
wiu	Witu NT	Bogus
wiv	Vitu NT	Bogus
wja	Waja Bible	Bogus
wlg	Kunbarlang Bible Portions	Bogus
wlo	Wolio: Kitabi Momangkilona Wolio (New Testament with )	Bogus
wmt	Walmajarri Bible	Bogus
wmw	Mwani NT	NoTabEndingColumn
wnc	Wantoat NT	Bogus
wnu	Usan NT	Bogus
wol2010	Wolof NT 2010	Bogus
wolmbs	Wolof Bible (MBS)	Bogus
wos	Hanga Hundi Bible	Bogus
wrk	Garrwa Shorter New Testament	Bogus
wro	Worrorra Mark and Luke	Bogus
wrs	Waris Bible	Bogus
wsk	Waskia Bible	Bogus
wuv	Wuvalu-Aua NT	Bogus
xavNT	Xavánte NT	Bogus
xbi-w	Kombio Wampukuamp Bible	Bogus
xbi-y	Kombio Yanimoi Bible	Bogus
xed	Hdi NT	Bogus
xla	Kamula Bible	Bogus
xnj	Ngoni NT	Bogus
xnn	New Testament in Kankanay, Northern	Bogus
xon	Konkomba	Bogus
xsi	Sio NT  with  Psalms	Bogus
xsn	Sanga Bible	Bogus
xtdNT	Diuxi-tilantongo Mixtec NT	Bogus
xtmNTpp	Magdalena Peñasco Mixtec Bible	Bogus
yaaNT	Yaminahua NT	Bogus
yadNT	Yagua NT	Bogus
yaf	Yaka NT	Bogus
yal	Yalunka Bible	Bogus
yao	Yao NT	Bogus
yap	Yapese Bible	Bogus
yaqNT	Yaqui NT	Bogus
yby	Yaweyuha NT	Bogus
ycn	Yucuna NT	Bogus
ydd	Eastern Yiddish NT	Bogus
yer	The Holy Bible in the Tarok language of Nigeria	Bogus
yij	Yindjibarndi Luke	Bogus
yka	Yakan Bible	NoTabEndingColumn
yle	Rossel NT	Bogus
yml	Iamalele NT	Bogus
ymp	Yamap NT	Bogus
yns	Yansi NT	Bogus
yom	Yombe: Biblica® Open Nkanda wu Moyo, Nguizani Yimona ayi Minkunga 2002 (Bible)	Bogus
yon	Yongkom NT  with  partial OT	Bogus
yor	Yoruba Bible	Bogus
yrb	Yareba NT	Bogus
yreNT	Yaouré NT	Bogus
yss-yamano	Yessan-Mayo Yamano NT	Bogus
yss-yawu	Yessan-Mayo Yawu NT	Bogus
yuj	Karkar-Yuri NT	Bogus
yut	Yopno NT & Psalms	Bogus
yuw	Yau NT	Bogus
yvaNT	Yawa NT	Bogus
zaaNT	Sierra de Juárez Zapotec NT	Bogus
zabNT	San Juan Guelavía Zapotec	Bogus
zacNT	Ocotlán Zapotec	Bogus
zadNT	Cajonos Zapotec NT	Bogus
zaiNT	Isthmus Zapotec NT	Bogus
zaj	Zaramo Bible	Bogus
zajp	Zaramo: Bibilia ya Kizalamo (Bible)	Bogus
zak	Zanaki NT	Bogus
zamNT	Miahuatlán Zapotec NT	Bogus
zaoNT	Ozolotepec Zapotec NT	Bogus
zapNT	Santa María Quiegolani Zapotec NT	Bogus
zarNT	Rincón Zapotec NT	Bogus
zasNT	Santo Domingo Albarradas Zapotec NT	Bogus
zatNTps	Tabaa Zapotec NT & Psalms	Bogus
zavNT	Yatzachi Zapotec NT	Bogus
zawNT	Mitla Zapotec NT	Bogus
zbu	Bu NT	Bogus
zcaNT	Coatecas Altas Zapotec	Bogus
zgam	Mahanji NT	Bogus
zia	Zia NT	Bogus
zin	Zinza NT	Bogus
ziw	Zigua New Testament	Bogus
zlmKSZI	Contextualized Malay NT	Bogus
zosNT	Francisco León Zoque NT	Bogus
zpcNT	Choapan Zapotec NT	Bogus
zplNT	Lachixío Zapotec NT	Bogus
zpmNT	Mixtepec Zapotec NT	Bogus
zpoNT	Amatlán Zapotec NT	Bogus
zpqNT	Zoogocho Zapotec NT	Bogus
zpuNT	Yalálag Zapotec NT	Bogus
zpvNT	Chichicapan Zapotec NT	Bogus
zpzNTpp	Texmelucan Zapotec Bible	Bogus
zsrNT	Southern Rincon Zapotec NT	Bogus
ztp	Loxicha Zapotec NT	Bogus
ztqNT	Quioquitani-Quierí Zapotec NT	Bogus
ztyNTps	Yatee Zapotec NT & Psalms	Bogus
zypNT	Zyphe Chin NT	Bogus