2027-01-01	Fri	VOE	Mary, Mother of God	Mary, Mother of God
2027-01-02	Sat	VOE	Ss Basil the Great & Gregory Nazianzen, Bishops, Doctors	Ss Basil the Great & Gregory Nazianzen, Bishops, Doctors
2027-01-03	Sun	VOE	CHRISTMAS II	CHRISTMAS II
2027-01-04	Mon	VOE	4 Jan	4 Jan
2027-01-05	Tue	VOE	5 Jan	5 Jan
2027-01-06	Wed	VOE	EPIPHANY OF THE LORD	EPIPHANY OF THE LORD
2027-01-07	Thu	VOE	7 Jan	7 Jan	St Raymond of Penyafort, Priest
2027-01-08	Fri	VOE	8 Jan	8 Jan
2027-01-09	Sat	VOE	9 Jan	9 Jan
2027-01-10	Sun	VOE	BAPTISM OF THE LORD	BAPTISM OF THE LORD
2027-01-11	Mon	VOE	Epiphanytide I:Mon	Epiphanytide I:Mon
2027-01-12	Tue	VOE	Epiphanytide I:Tue	Epiphanytide I:Tue	St Aelred of Rievaulx, Abbot	St Benet Biscop, Abbot
2027-01-13	Wed	VOE	Epiphanytide I:Wed	Epiphanytide I:Wed	St Kentigern, Bishop	St Hilary of Poitiers, Bishop, Doctor
2027-01-14	Thu	VOE	Epiphanytide I:Thu	Epiphanytide I:Thu
2027-01-15	Fri	VOE	Epiphanytide I:Fri	Epiphanytide I:Fri
2027-01-16	Sat	VOE	Epiphanytide I:Sat	Epiphanytide I:Sat	Saturday memorial of our Lady
2027-01-17	Sun	VOE	EPIPHANY II	EPIPHANY II
2027-01-18	Mon	VOE	Epiphanytide II:Mon	Epiphanytide II:Mon
2027-01-19	Tue	VOE	Epiphanytide II:Tue	Epiphanytide II:Tue	St Wulstan, Bishop, Religious
2027-01-20	Wed	VOE	Epiphanytide II:Wed	Epiphanytide II:Wed	St Fabian, Pope, Martyr	St Sebastian, Martyr
2027-01-21	Thu	VOE	St Agnes, Virgin, Martyr	St Agnes, Virgin, Martyr
2027-01-22	Fri	VOE	Epiphanytide II:Fri	Epiphanytide II:Fri	St Vincent, Deacon, Martyr
2027-01-23	Sat	VOE	Epiphanytide II:Sat	Epiphanytide II:Sat	Saturday memorial of our Lady
2027-01-24	Sun	VOE	SEPTUAGESIMA	SEPTUAGESIMA
2027-01-25	Mon	VOE	Conversion of St Paul, Apostle	Conversion of St Paul, Apostle
2027-01-26	Tue	VOE	Ss Timothy & Titus, Bishops	Ss Timothy & Titus, Bishops
2027-01-27	Wed	VOE	Septuagesima:Wed	Septuagesima:Wed	St Angela Merici, Virgin
2027-01-28	Thu	VOE	St Thomas Aquinas, Catholic Education Patron, Priest, Doctor	St Thomas Aquinas, Catholic Education Patron, Priest, Doctor
2027-01-29	Fri	VOE	Septuagesima:Fri	Septuagesima:Fri
2027-01-30	Sat	VOE	Septuagesima:Sat	Septuagesima:Sat	Saturday memorial of our Lady
2027-01-31	Sun	VOE	SEXAGESIMA	SEXAGESIMA
2027-02-01	Mon	VOE	Sexagesima:Mon	Sexagesima:Mon	St Brigid of Kildare, Ireland Co-Patron, Virgin
2027-02-02	Tue	VOE	Presentation of the Lord	Presentation of the Lord
2027-02-03	Wed	VOE	Sexagesima:Wed	Sexagesima:Wed	St Ansgar, Bishop	St Blaise, Bishop, Martyr
2027-02-04	Thu	VOE	Sexagesima:Thu	Sexagesima:Thu	St Gilbert of Sempringham, Abbot
2027-02-05	Fri	VOE	St Agatha, Virgin, Martyr	St Agatha, Virgin, Martyr
2027-02-06	Sat	VOE	Ss Paul Miki & Companions, Martyrs	Ss Paul Miki & Companions, Martyrs
2027-02-07	Sun	VOE	QUINQUAGESIMA	QUINQUAGESIMA
2027-02-08	Mon	VOE	Quinquagesima:Mon	Quinquagesima:Mon	St Jerome Emiliani, Orphans Patron, FounderSt Josephine Bakhita, Virgin
2027-02-09	Tue	VOE	Quinquagesima:Tue	Quinquagesima:Tue
2027-02-10	Wed	VOE	Ash Wednesday	Ash Wednesday
2027-02-11	Thu	VOE	Thursday after Ash Wednesday	Thursday after Ash Wednesday	Our Lady of Lourdes
2027-02-12	Fri	VOE	Friday after Ash Wednesday	Friday after Ash Wednesday
2027-02-13	Sat	VOE	Saturday after Ash Wednesday	Saturday after Ash Wednesday
2027-02-14	Sun	VOE	LENT I	LENT I
2027-02-15	Mon	VOE	Lent I:Mon	Lent I:Mon
2027-02-16	Tue	VOE	Lent I:Tue	Lent I:Tue
2027-02-17	Wed	VOE	Lent I:Wed	Lent I:Wed	The Seven Holy Founders of the Servite Order
2027-02-18	Thu	VOE	Lent I:Thu	Lent I:Thu
2027-02-19	Fri	VOE	Lent I:Fri	Lent I:Fri
2027-02-20	Sat	VOE	Lent I:Sat	Lent I:Sat
2027-02-21	Sun	VOE	LENT II	LENT II
2027-02-22	Mon	VOE	St Peter's Chair	St Peter's Chair
2027-02-23	Tue	VOE	Lent II:Tue	Lent II:Tue	St Polycarp, Bishop, Martyr
2027-02-24	Wed	VOE	Lent II:Wed	Lent II:Wed
2027-02-25	Thu	VOE	Lent II:Thu	Lent II:Thu
2027-02-26	Fri	VOE	Lent II:Fri	Lent II:Fri
2027-02-27	Sat	VOE	Lent II:Sat	Lent II:Sat	St Gregory of Narek, Abbot & Doctor
2027-02-28	Sun	VOE	LENT III	LENT III
2027-03-01	Mon	VOE	St David, Wales Patron, Bishop	St David, Wales Patron, Bishop
2027-03-02	Tue	VOE	Lent III:Tue	Lent III:Tue
2027-03-03	Wed	VOE	Lent III:Wed	Lent III:Wed
2027-03-04	Thu	VOE	Lent III:Thu	Lent III:Thu	St Casimir, Confessor
2027-03-05	Fri	VOE	Lent III:Fri	Lent III:Fri	St Piran, Abbot
2027-03-06	Sat	VOE	Lent III:Sat	Lent III:Sat
2027-03-07	Sun	VOE	LENT IV	LENT IV
2027-03-08	Mon	VOE	Lent IV:Mon	Lent IV:Mon	St John of God, Religious
2027-03-09	Tue	VOE	Lent IV:Tue	Lent IV:Tue	St Frances of Rome, Religious
2027-03-10	Wed	VOE	Lent IV:Wed	Lent IV:Wed
2027-03-11	Thu	VOE	Lent IV:Thu	Lent IV:Thu
2027-03-12	Fri	VOE	Lent IV:Fri	Lent IV:Fri
2027-03-13	Sat	VOE	Lent IV:Sat	Lent IV:Sat
2027-03-14	Sun	VOE	PASSION SUNDAY	PASSION SUNDAY
2027-03-15	Mon	VOE	Lent V:Mon	Lent V:Mon
2027-03-16	Tue	VOE	Lent V:Tue	Lent V:Tue
2027-03-17	Wed	VOE	St Patrick, Ireland Patron, Bishop, Missionary	St Patrick, Ireland Patron, Bishop, Missionary
2027-03-18	Thu	VOE	Lent V:Thu	Lent V:Thu	St Cyril of Jerusalem, Bishop, Doctor
2027-03-19	Fri	VOE	St Joseph, Husband of our Lady	St Joseph, Husband of our Lady
2027-03-20	Sat	VOE	Lent V:Sat	Lent V:Sat
2027-03-21	Sun	VOE	PALM SUNDAY	PALM SUNDAY
2027-03-22	Mon	VOE	Holy Week:Mon	Holy Week:Mon
2027-03-23	Tue	VOE	Holy Week:Tue	Holy Week:Tue
2027-03-24	Wed	VOE	Holy Week:Wed	Holy Week:Wed
2027-03-25	Thu	VOE	Mass of the Lord's Supper	Mass of the Lord's Supper
2027-03-26	Fri	VOE	Mass of the Presanctified	Mass of the Presanctified
2027-03-27	Sat	VOE	Holy Saturday	Holy Saturday
2027-03-28	Sun	VOE	RESURRECTION OF THE LORD	RESURRECTION OF THE LORD
2027-03-29	Mon	VOE	Easter Octave:Mon	Easter Octave:Mon
2027-03-30	Tue	VOE	Easter Octave:Tue	Easter Octave:Tue
2027-03-31	Wed	VOE	Easter Octave:Wed	Easter Octave:Wed
2027-04-01	Thu	VOE	Easter Octave:Thu	Easter Octave:Thu
2027-04-02	Fri	VOE	Easter Octave:Fri	Easter Octave:Fri
2027-04-03	Sat	VOE	Easter Octave:Sat	Easter Octave:Sat
2027-04-04	Sun	VOE	EASTER II	EASTER II
2027-04-05	Mon	VOE	Annunciation of the Lord	Annunciation of the Lord
2027-04-06	Tue	VOE	Eastertide II:Tue	Eastertide II:Tue
2027-04-07	Wed	VOE	St John Baptist de La Salle, Catholic Education Co-Patron, Priest, Religious, Founder, Confessor	St John Baptist de La Salle, Catholic Education Co-Patron, Priest, Religious, Founder, Confessor	
2027-04-08	Thu	VOE	Eastertide II:Thu	Eastertide II:Thu
2027-04-09	Fri	VOE	Eastertide II:Fri	Eastertide II:Fri
2027-04-10	Sat	VOE	Eastertide II:Sat	Eastertide II:Sat
2027-04-11	Sun	VOE	EASTER III	EASTER III
2027-04-12	Mon	VOE	Eastertide III:Mon	Eastertide III:Mon
2027-04-13	Tue	VOE	Eastertide III:Tue	Eastertide III:Tue	St Martin I, Pope, Martyr
2027-04-14	Wed	VOE	Eastertide III:Wed	Eastertide III:Wed
2027-04-15	Thu	VOE	Eastertide III:Thu	Eastertide III:Thu
2027-04-16	Fri	VOE	Eastertide III:Fri	Eastertide III:Fri	St Magnus of Orkney, Martyr
2027-04-17	Sat	VOE	Eastertide III:Sat	Eastertide III:Sat
2027-04-18	Sun	VOE	EASTER IV	EASTER IV
2027-04-19	Mon	VOE	Eastertide IV:Mon	Eastertide IV:Mon	St Alphege, Archbishop of Canterbury, Martyr
2027-04-20	Tue	VOE	Eastertide IV:Tue	Eastertide IV:Tue
2027-04-21	Wed	VOE	Eastertide IV:Wed	Eastertide IV:Wed	St Anselm of Canterbury, Bishop, Doctor
2027-04-22	Thu	VOE	Eastertide IV:Thu	Eastertide IV:Thu
2027-04-23	Fri	VOE	St George, England Patron, Martyr	St George, England Patron, Martyr
2027-04-24	Sat	VOE	Eastertide IV:Sat	Eastertide IV:Sat	St Fidelis of Sigmaringen, Priest, Martyr	St Mellitus, Bishop of London	St Adalbert of Prague, Bishop, Martyr
2027-04-25	Sun	VOE	EASTER V	EASTER V
2027-04-26	Mon	VOE	Eastertide V:Mon	Eastertide V:Mon
2027-04-27	Tue	VOE	Eastertide V:Tue	Eastertide V:Tue
2027-04-28	Wed	VOE	Eastertide V:Wed	Eastertide V:Wed	St Peter Chanel, Priest, Martyr	St Louis Grignion de Montfort, Priest
2027-04-29	Thu	VOE	St Catherine of Siena, Europe Co-Patron, Virgin, Doctor	St Catherine of Siena, Europe Co-Patron, Virgin, Doctor
2027-04-30	Fri	VOE	Eastertide V:Fri	Eastertide V:Fri	St Pius V, Pope
2027-05-01	Sat	VOE	Eastertide V:Sat	Eastertide V:Sat	St Joseph the Worker
2027-05-02	Sun	VOE	EASTER VI	EASTER VI
2027-05-03	Mon	VOE	Ss Philip & James the Less, Apostles	Ss Philip & James the Less, Apostles
2027-05-04	Tue	VOE	English Martyrs	English Martyrs
2027-05-05	Wed	VOE	Eastertide VI:Wed	Eastertide VI:Wed
2027-05-06	Thu	VOE	ASCENSION OF THE LORD	ASCENSION OF THE LORD
2027-05-07	Fri	VOE	Eastertide VI:Fri	Eastertide VI:Fri
2027-05-08	Sat	VOE	Eastertide VI:Sat	Eastertide VI:Sat
2027-05-09	Sun	VOE	EASTER VII	EASTER VII
2027-05-10	Mon	VOE	Ascensiontide II:Mon	Ascensiontide II:Mon
2027-05-11	Tue	VOE	Eastertide VII:Tue	Eastertide VII:Tue
2027-05-12	Wed	VOE	Ascensiontide II:Wed	Ascensiontide II:Wed
2027-05-13	Thu	VOE	Ascensiontide II:Thu	Ascensiontide II:Thu
2027-05-14	Fri	VOE	St Matthias, Apostle	St Matthias, Apostle
2027-05-15	Sat	VOE	St John Baptist de La Salle, Catholic Education Co-Patron, Priest, Religious, Founder, Confessor	St John Baptist de La Salle, Catholic Education Co-Patron, Priest, Religious, Founder, Confessor	Eastertide VII:Sat
2027-05-16	Sun	VOE	PENTECOST SUNDAY	PENTECOST SUNDAY
2027-05-17	Mon	VOE	Pentecost Octave:Mon	Pentecost Octave:Mon
2027-05-18	Tue	VOE	Pentecost Octave:Tue	Pentecost Octave:Tue	St John I, Pope, Martyr
2027-05-19	Wed	VOE	Pentecost Octave:Wed	Pentecost Octave:Wed	St Dunstan, Archbishop of Canterbury
2027-05-20	Thu	VOE	Pentecost Octave:Thu	Pentecost Octave:Thu
2027-05-21	Fri	VOE	Pentecost Octave:Fri	Pentecost Octave:Fri	St Christopher Magallanes & Companions, Martyrs	St Godric of Finchale, Religious	St Helena
2027-05-22	Sat	VOE	Pentecost Octave:Sat	Pentecost Octave:Sat	St Rita of Cascia	Saturday memorial of our Lady
2027-05-23	Sun	VOE	TRINITY SUNDAY	TRINITY SUNDAY
2027-05-24	Mon	VOE	Trinity Octave:Mon	Trinity Octave:Mon	St Aldhelm, Bishop
2027-05-25	Tue	VOE	St Bede the Venerable, Priest, Doctor	St Bede the Venerable, Priest, Doctor
2027-05-26	Wed	VOE	St Philip Neri, Founder, Priest	St Philip Neri, Founder, Priest
2027-05-27	Thu	VOE	St Augustine of Canterbury, Bishop	St Augustine of Canterbury, Bishop
2027-05-28	Fri	VOE	Trinity Octave:Fri	Trinity Octave:Fri
2027-05-29	Sat	VOE	Trinity Octave:Sat	Trinity Octave:Sat	St Paul VI, Pope	Saturday memorial of our Lady
2027-05-30	Sun	VOE	CORPUS CHRISTI	CORPUS CHRISTI
2027-05-31	Mon	VOE	Visitation of our Lady	Visitation of our Lady
2027-06-01	Tue	VOE	St Justin, Martyr	St Justin, Martyr
2027-06-02	Wed	VOE	Trinitytide First:Wed	Trinitytide First:Wed	Ss Marcellinus & Peter, Martyrs
2027-06-03	Thu	VOE	Ss Charles Lwanga & Companions, Martyrs	Ss Charles Lwanga & Companions, Martyrs
2027-06-04	Fri	VOE	Most Sacred Heart of Jesus	Most Sacred Heart of Jesus
2027-06-05	Sat	VOE	St Boniface, Bishop, Martyr	St Boniface, Bishop, Martyr	Immaculate Heart of Mary
2027-06-06	Sun	VOE	TRINITY II	TRINITY II
2027-06-07	Mon	VOE	Trinitytide II:Mon	Trinitytide II:Mon
2027-06-08	Tue	VOE	Trinitytide II:Tue	Trinitytide II:Tue
2027-06-09	Wed	VOE	Trinitytide II:Wed	Trinitytide II:Wed	St Ephrem of Edessa, Deacon, Doctor	St Columba of Iona, Abbot
2027-06-10	Thu	VOE	Trinitytide II:Thu	Trinitytide II:Thu
2027-06-11	Fri	VOE	St Barnabas, Apostle	St Barnabas, Apostle
2027-06-12	Sat	VOE	Trinitytide II:Sat	Trinitytide II:Sat	Saturday memorial of our Lady
2027-06-13	Sun	VOE	TRINITY III	TRINITY III
2027-06-14	Mon	VOE	Trinitytide III:Mon	Trinitytide III:Mon
2027-06-15	Tue	VOE	Trinitytide III:Tue	Trinitytide III:Tue
2027-06-16	Wed	VOE	Trinitytide III:Wed	Trinitytide III:Wed	St Richard of Chichester, Bishop
2027-06-17	Thu	VOE	Trinitytide III:Thu	Trinitytide III:Thu
2027-06-18	Fri	VOE	Trinitytide III:Fri	Trinitytide III:Fri
2027-06-19	Sat	VOE	Trinitytide III:Sat	Trinitytide III:Sat	St Romuald, Abbot	Saturday memorial of our Lady
2027-06-20	Sun	VOE	TRINITY IV	TRINITY IV
2027-06-21	Mon	VOE	St Aloysius Gonzaga, Religious	St Aloysius Gonzaga, Religious
2027-06-22	Tue	VOE	Ss John Fisher, Bishop, & Thomas More, Martyrs	Ss John Fisher, Bishop, & Thomas More, Martyrs
2027-06-23	Wed	VOE	Trinitytide IV:Wed	Trinitytide IV:Wed	St Etheldreda, Abbess
2027-06-24	Thu	VOE	Nativity of St John the Baptist	Nativity of St John the Baptist
2027-06-25	Fri	VOE	Trinitytide IV:Fri	Trinitytide IV:Fri
2027-06-26	Sat	VOE	Trinitytide IV:Sat	Trinitytide IV:Sat	Saturday memorial of our Lady
2027-06-27	Sun	VOE	TRINITY V	TRINITY V
2027-06-28	Mon	VOE	St Irenaeus of Lyons, Bishop, Doctor, Martyr	St Irenaeus of Lyons, Bishop, Doctor, Martyr
2027-06-29	Tue	VOE	SS PETER & PAUL, APOSTLES	SS PETER & PAUL, APOSTLES
2027-06-30	Wed	VOE	Trinitytide V:Wed	Trinitytide V:Wed	First Martyrs of the See of Rome
2027-07-01	Thu	VOE	Trinitytide V:Thu	Trinitytide V:Thu	St Oliver Plunket, Bishop, Martyr
2027-07-02	Fri	VOE	Trinitytide V:Fri	Trinitytide V:Fri
2027-07-03	Sat	VOE	St Thomas, Apostle	St Thomas, Apostle
2027-07-04	Sun	VOE	TRINITY VI	TRINITY VI
2027-07-05	Mon	VOE	Trinitytide VI:Mon	Trinitytide VI:Mon	St Anthony Mary Zaccaria, Priest
2027-07-06	Tue	VOE	Trinitytide VI:Tue	Trinitytide VI:Tue	St Maria Goretti, Virgin, Martyr
2027-07-07	Wed	VOE	Trinitytide VI:Wed	Trinitytide VI:Wed
2027-07-08	Thu	VOE	Trinitytide VI:Thu	Trinitytide VI:Thu
2027-07-09	Fri	VOE	Trinitytide VI:Fri	Trinitytide VI:Fri	Ss Augustine Zhao Rong & Companions, Martyrs
2027-07-10	Sat	VOE	Trinitytide VI:Sat	Trinitytide VI:Sat	Saturday memorial of our Lady
2027-07-11	Sun	VOE	TRINITY VII	TRINITY VII
2027-07-12	Mon	VOE	Trinitytide VII:Mon	Trinitytide VII:Mon
2027-07-13	Tue	VOE	Trinitytide VII:Tue	Trinitytide VII:Tue	St Henry of Bavaria, Holy Roman Emperor
2027-07-14	Wed	VOE	Trinitytide VII:Wed	Trinitytide VII:Wed	St Camillus of Lellis, Priest
2027-07-15	Thu	VOE	Trinitytide VII:Thu	Trinitytide VII:Thu	St Bonaventure, Bishop, Doctor	St Swithun, Bishop	St Osmund, Bishop
2027-07-16	Fri	VOE	Trinitytide VII:Fri	Trinitytide VII:Fri	Our Lady of Mount Carmel
2027-07-17	Sat	VOE	Trinitytide VII:Sat	Trinitytide VII:Sat	Saturday memorial of our Lady
2027-07-18	Sun	VOE	TRINITY VIII	TRINITY VIII
2027-07-19	Mon	VOE	Trinitytide VIII:Mon	Trinitytide VIII:Mon
2027-07-20	Tue	VOE	Trinitytide VIII:Tue	Trinitytide VIII:Tue	St Apollinaris, Bishop, Martyr	St Margaret of Antioch, Virgin, Martyr
2027-07-21	Wed	VOE	Trinitytide VIII:Wed	Trinitytide VIII:Wed	St Laurence of Brindisi, Priest, Doctor
2027-07-22	Thu	VOE	St Mary Magdalene	St Mary Magdalene
2027-07-23	Fri	VOE	St Bridget of Sweden, Europe Co-Patron	St Bridget of Sweden, Europe Co-Patron
2027-07-24	Sat	VOE	Trinitytide VIII:Sat	Trinitytide VIII:Sat	St Charbel Makhlouf, Priest	Saturday memorial of our Lady
2027-07-25	Sun	VOE	TRINITY IX	TRINITY IX
2027-07-26	Mon	VOE	St Joachim & Saint Anne, Parents of our Lady	St Joachim & Saint Anne, Parents of our Lady
2027-07-27	Tue	VOE	Trinitytide IX:Tue	Trinitytide IX:Tue
2027-07-28	Wed	VOE	Trinitytide IX:Wed	Trinitytide IX:Wed
2027-07-29	Thu	VOE	Ss Martha, Mary & Lazarus	Ss Martha, Mary & Lazarus
2027-07-30	Fri	VOE	Trinitytide IX:Fri	Trinitytide IX:Fri	St Peter Chrysologus, Bishop, Doctor
2027-07-31	Sat	VOE	St Ignatius of Loyola, Founder, Priest	St Ignatius of Loyola, Founder, Priest
2027-08-01	Sun	VOE	TRINITY X	TRINITY X
2027-08-02	Mon	VOE	Trinitytide X:Mon	Trinitytide X:Mon	St Eusebius of Vercelli, Bishop	St Peter Julian Eymard, Priest
2027-08-03	Tue	VOE	Trinitytide X:Tue	Trinitytide X:Tue
2027-08-04	Wed	VOE	St John Mary Vianney, Priest	St John Mary Vianney, Priest
2027-08-05	Thu	VOE	Trinitytide X:Thu	Trinitytide X:Thu	Dedication of the Basilica of St Mary Major	St Oswald, King & Martyr
2027-08-06	Fri	VOE	Transfiguration of the Lord	Transfiguration of the Lord
2027-08-07	Sat	VOE	Trinitytide X:Sat	Trinitytide X:Sat	Ss Sixtus II, Pope, & Companions, Martyrs	St Cajetan, Priest	Saturday memorial of our Lady
2027-08-08	Sun	VOE	TRINITY XI	TRINITY XI
2027-08-09	Mon	VOE	St Teresa Benedicta of the Cross, Virgin, Martyr	St Teresa Benedicta of the Cross, Virgin, Martyr
2027-08-10	Tue	VOE	St Laurence, Deacon, Martyr	St Laurence, Deacon, Martyr
2027-08-11	Wed	VOE	St Clare, Virgin	St Clare, Virgin
2027-08-12	Thu	VOE	Trinitytide XI:Thu	Trinitytide XI:Thu	St Jane Frances de Chantal, Religious
2027-08-13	Fri	VOE	Trinitytide XI:Fri	Trinitytide XI:Fri	Ss Pontian, Pope, & Hippolytus, Priest, Martyrs
2027-08-14	Sat	VOE	St Maximilian Kolbe, Priest, Martyr	St Maximilian Kolbe, Priest, Martyr
2027-08-15	Sun	VOE	ASSUMPTION OF OUR LADY	ASSUMPTION OF OUR LADY
2027-08-16	Mon	VOE	Trinitytide XII:Mon	Trinitytide XII:Mon	St Stephen of Hungary, King
2027-08-17	Tue	VOE	Trinitytide XII:Tue	Trinitytide XII:Tue
2027-08-18	Wed	VOE	Trinitytide XII:Wed	Trinitytide XII:Wed
2027-08-19	Thu	VOE	Trinitytide XII:Thu	Trinitytide XII:Thu	St John Eudes, Priest
2027-08-20	Fri	VOE	St Bernard of Clairvaux, Abbot, Doctor	St Bernard of Clairvaux, Abbot, Doctor
2027-08-21	Sat	VOE	St Pius X, Pope	St Pius X, Pope
2027-08-22	Sun	VOE	TRINITY XIII	TRINITY XIII
2027-08-23	Mon	VOE	Trinitytide XIII:Mon	Trinitytide XIII:Mon	St Rose of Lima, Virgin
2027-08-24	Tue	VOE	St Bartholomew, Apostle	St Bartholomew, Apostle
2027-08-25	Wed	VOE	Trinitytide XIII:Wed	Trinitytide XIII:Wed	St Louis of France, King	St Joseph Calasanz, Priest
2027-08-26	Thu	VOE	Trinitytide XIII:Thu	Trinitytide XIII:Thu	Bl Dominic of the Mother of God, Priest
2027-08-27	Fri	VOE	St Monica	St Monica
2027-08-28	Sat	VOE	St Augustine of Hippo, Bishop, Doctor	St Augustine of Hippo, Bishop, Doctor
2027-08-29	Sun	VOE	TRINITY XIV	TRINITY XIV
2027-08-30	Mon	VOE	Trinitytide XIV:Mon	Trinitytide XIV:Mon	Ss Margaret Clitherow, Anne Line, & Margaret Ward, Martyrs
2027-08-31	Tue	VOE	Trinitytide XIV:Tue	Trinitytide XIV:Tue	St Aidan of Lindisfarne, Bishop, Missionary
2027-09-01	Wed	VOE	Trinitytide XIV:Wed	Trinitytide XIV:Wed
2027-09-02	Thu	VOE	Trinitytide XIV:Thu	Trinitytide XIV:Thu
2027-09-03	Fri	VOE	St Gregory the Great, Pope, Doctor	St Gregory the Great, Pope, Doctor
2027-09-04	Sat	VOE	Trinitytide XIV:Sat	Trinitytide XIV:Sat	St Cuthbert, Bishop	Saturday memorial of our Lady
2027-09-05	Sun	VOE	TRINITY XV	TRINITY XV
2027-09-06	Mon	VOE	Trinitytide XV:Mon	Trinitytide XV:Mon
2027-09-07	Tue	VOE	Trinitytide XV:Tue	Trinitytide XV:Tue
2027-09-08	Wed	VOE	Nativity of our Lady	Nativity of our Lady
2027-09-09	Thu	VOE	Trinitytide XV:Thu	Trinitytide XV:Thu	St Peter Claver, Priest
2027-09-10	Fri	VOE	Trinitytide XV:Fri	Trinitytide XV:Fri
2027-09-11	Sat	VOE	Trinitytide XV:Sat	Trinitytide XV:Sat	Saturday memorial of our Lady
2027-09-12	Sun	VOE	TRINITY XVI	TRINITY XVI
2027-09-13	Mon	VOE	St John Chrysostom, Bishop, Doctor	St John Chrysostom, Bishop, Doctor
2027-09-14	Tue	VOE	Exaltation of the Holy Cross	Exaltation of the Holy Cross
2027-09-15	Wed	VOE	Our Lady of Sorrows	Our Lady of Sorrows
2027-09-16	Thu	VOE	Ss Cornelius, Pope, & Cyprian, Bishop, Martyrs	Ss Cornelius, Pope, & Cyprian, Bishop, Martyrs
2027-09-17	Fri	VOE	Trinitytide XVI:Fri	Trinitytide XVI:Fri	St Robert Bellarmine, Down Syndrome Patron, Bishop, Doctor	St Ninian, Bishop	St Edith of Kemsing	St Hildegard of Bingen, Virgin, Doctor
2027-09-18	Sat	VOE	Trinitytide XVI:Sat	Trinitytide XVI:Sat	Saturday memorial of our Lady
2027-09-19	Sun	VOE	TRINITY XVII	TRINITY XVII
2027-09-20	Mon	VOE	Ss Andrew Kim Taegon, Priest, & Paul Chong Hasang, & Companions, Martyrs	Ss Andrew Kim Taegon, Priest, & Paul Chong Hasang, & Companions, Martyrs
2027-09-21	Tue	VOE	St Matthew, Apostle, Evangelist	St Matthew, Apostle, Evangelist
2027-09-22	Wed	VOE	Trinitytide XVII:Wed	Trinitytide XVII:Wed
2027-09-23	Thu	VOE	St Pius of Pietrelcina, Priest	St Pius of Pietrelcina, Priest
2027-09-24	Fri	VOE	Our Lady of Walsingham	Our Lady of Walsingham
2027-09-25	Sat	VOE	Trinitytide XVII:Sat	Trinitytide XVII:Sat	Saturday memorial of our Lady
2027-09-26	Sun	VOE	TRINITY XVIII	TRINITY XVIII
2027-09-27	Mon	VOE	St Vincent de Paul, Priest	St Vincent de Paul, Priest
2027-09-28	Tue	VOE	Trinitytide XVIII:Tue	Trinitytide XVIII:Tue	St Wenceslaus, Martyr	Ss Laurence Ruiz & Companions, Martyrs
2027-09-29	Wed	VOE	Ss Michael, Gabriel & Raphael, Archangels	Ss Michael, Gabriel & Raphael, Archangels
2027-09-30	Thu	VOE	St Jerome, Priest, Doctor	St Jerome, Priest, Doctor
2027-10-01	Fri	VOE	St Thérèse of the Child Jesus, Virgin, Doctor	St Thérèse of the Child Jesus, Virgin, Doctor
2027-10-02	Sat	VOE	Holy Guardian Angels	Holy Guardian Angels
2027-10-03	Sun	VOE	TRINITY XIX	TRINITY XIX
2027-10-04	Mon	VOE	St Francis of Assisi, Ecology Patron, Founder, Confessor	St Francis of Assisi, Ecology Patron, Founder, Confessor
2027-10-05	Tue	VOE	Trinitytide XIX:Tue	Trinitytide XIX:Tue	St Faustina Kowalska, Religious
2027-10-06	Wed	VOE	Trinitytide XIX:Wed	Trinitytide XIX:Wed	St Bruno, Priest
2027-10-07	Thu	VOE	Our Lady of the Rosary	Our Lady of the Rosary
2027-10-08	Fri	VOE	Trinitytide XIX:Fri	Trinitytide XIX:Fri
2027-10-09	Sat	VOE	St John Henry Newman, Catholic Education Co-Patron, Priest, Doctor	St John Henry Newman, Catholic Education Co-Patron, Priest, Doctor
2027-10-10	Sun	VOE	TRINITY XX	TRINITY XX
2027-10-11	Mon	VOE	Trinitytide XX:Mon	Trinitytide XX:Mon	St John XXIII, Pope
2027-10-12	Tue	VOE	Trinitytide XX:Tue	Trinitytide XX:Tue	St Wilfrid, Bishop, Missionary	St Ethelburga, Abbess
2027-10-13	Wed	VOE	Trinitytide XX:Wed	Trinitytide XX:Wed	St Edward the Confessor, King
2027-10-14	Thu	VOE	Trinitytide XX:Thu	Trinitytide XX:Thu	St Callistus, Pope, Martyr
2027-10-15	Fri	VOE	St Teresa of Ávila, Virgin, Doctor	St Teresa of Ávila, Virgin, Doctor
2027-10-16	Sat	VOE	Trinitytide XX:Sat	Trinitytide XX:Sat	St Hedwig, Religious	St Margaret Mary Alacoque, Virgin	Saturday memorial of our Lady
2027-10-17	Sun	VOE	TRINITY XXI	TRINITY XXI
2027-10-18	Mon	VOE	St Luke, Evangelist	St Luke, Evangelist
2027-10-19	Tue	VOE	Trinitytide XXI:Tue	Trinitytide XXI:Tue	Ss John de Brébeuf & Isaac Jogues, Priests, & Companions, Martyrs	St Paul of the Cross, Priest	St Frideswide, Abbess
2027-10-20	Wed	VOE	Trinitytide XXI:Wed	Trinitytide XXI:Wed
2027-10-21	Thu	VOE	Trinitytide XXI:Thu	Trinitytide XXI:Thu
2027-10-22	Fri	VOE	Trinitytide XXI:Fri	Trinitytide XXI:Fri	St John Paul II, Pope
2027-10-23	Sat	VOE	Trinitytide XXI:Sat	Trinitytide XXI:Sat	St John of Capistrano, Priest	Saturday memorial of our Lady
2027-10-24	Sun	VOE	TRINITY XXII	TRINITY XXII
2027-10-25	Mon	VOE	Trinitytide XXII:Mon	Trinitytide XXII:Mon
2027-10-26	Tue	VOE	Trinitytide XXII:Tue	Trinitytide XXII:Tue	Ss Chad & Cedd, Bishops, Missionaries
2027-10-27	Wed	VOE	Trinitytide XXII:Wed	Trinitytide XXII:Wed
2027-10-28	Thu	VOE	Ss Simon & Jude, Apostles	Ss Simon & Jude, Apostles
2027-10-29	Fri	VOE	Trinitytide XXII:Fri	Trinitytide XXII:Fri
2027-10-30	Sat	VOE	Trinitytide XXII:Sat	Trinitytide XXII:Sat	Saturday memorial of our Lady
2027-10-31	Sun	VOE	ALL SAINTS	ALL SAINTS
2027-11-01	Mon	VOE	Trinitytide XXIII:Mon	Trinitytide XXIII:Mon
2027-11-02	Tue	VOE	All Souls	All Souls
2027-11-03	Wed	VOE	Trinitytide XXIII:Wed	Trinitytide XXIII:Wed	St Martin de Porres, Religious	St Winifride, Virgin
2027-11-04	Thu	VOE	St Charles Borromeo, Bishop	St Charles Borromeo, Bishop
2027-11-05	Fri	VOE	Trinitytide XXIII:Fri	Trinitytide XXIII:Fri
2027-11-06	Sat	VOE	Trinitytide XXIII:Sat	Trinitytide XXIII:Sat	Saturday memorial of our Lady
2027-11-07	Sun	VOE	TRINITY XXIV	TRINITY XXIV
2027-11-08	Mon	VOE	All Saints of England	All Saints of England
2027-11-09	Tue	VOE	Dedication of the Archbasilica of St John Lateran	Dedication of the Archbasilica of St John Lateran
2027-11-10	Wed	VOE	St Leo the Great, Pope, Doctor	St Leo the Great, Pope, Doctor
2027-11-11	Thu	VOE	St Martin of Tours, Bishop	St Martin of Tours, Bishop
2027-11-12	Fri	VOE	St Josaphat, Bishop, Martyr	St Josaphat, Bishop, Martyr
2027-11-13	Sat	VOE	Trinitytide XXIV:Sat	Trinitytide XXIV:Sat	Saturday memorial of our Lady
2027-11-14	Sun	VOE	TRINITY XXV	TRINITY XXV
2027-11-15	Mon	VOE	Trinitytide XXV:Mon	Trinitytide XXV:Mon	St Albert the Great, Bishop, Doctor
2027-11-16	Tue	VOE	Trinitytide XXV:Tue	Trinitytide XXV:Tue	St Margaret of Scotland, Queen	St Gertrude, Virgin	St Edmund of Abingdon, Bishop
2027-11-17	Wed	VOE	Trinitytide XXV:Wed	Trinitytide XXV:Wed	St Elizabeth of Hungary, Religious	St Hilda of Whitby, Abbess	St Hugh of Lincoln, Bishop
2027-11-18	Thu	VOE	Trinitytide XXV:Thu	Trinitytide XXV:Thu	Dedication of the Basilicas of Ss Peter & Paul, Apostles
2027-11-19	Fri	VOE	Trinitytide XXV:Fri	Trinitytide XXV:Fri
2027-11-20	Sat	VOE	Trinitytide XXV:Sat	Trinitytide XXV:Sat	St Edmund, King & Martyr	Saturday memorial of our Lady
2027-11-21	Sun	VOE	CHRIST THE KING	CHRIST THE KING
2027-11-22	Mon	VOE	St Cecilia, Virgin, Martyr	St Cecilia, Virgin, Martyr
2027-11-23	Tue	VOE	Trinitytide XXVI:Tue	Trinitytide XXVI:Tue	St Clement I, Pope, Martyr	St Columbanus, Abbot, Missionary
2027-11-24	Wed	VOE	Ss Andrew Dũng-Lạc & Companions, Martyrs	Ss Andrew Dũng-Lạc & Companions, Martyrs
2027-11-25	Thu	VOE	Trinitytide XXVI:Thu	Trinitytide XXVI:Thu	St Catherine of Alexandria, Virgin, Martyr
2027-11-26	Fri	VOE	Trinitytide XXVI:Fri	Trinitytide XXVI:Fri
2027-11-27	Sat	VOE	Trinitytide XXVI:Sat	Trinitytide XXVI:Sat	Saturday memorial of our Lady
2027-11-28	Sun	VOE	ADVENT I	ADVENT I
2027-11-29	Mon	VOE	Advent I:Mon	Advent I:Mon
2027-11-30	Tue	VOE	St Andrew, Scotland Patron, Apostle	St Andrew, Scotland Patron, Apostle
2027-12-01	Wed	VOE	Advent I:Wed	Advent I:Wed	St Edmund Campion, Martyr
2027-12-02	Thu	VOE	Advent I:Thu	Advent I:Thu
2027-12-03	Fri	VOE	St Francis Xavier, Priest	St Francis Xavier, Priest
2027-12-04	Sat	VOE	Advent I:Sat	Advent I:Sat	St John Damascene, Priest, Doctor
2027-12-05	Sun	VOE	ADVENT II	ADVENT II
2027-12-06	Mon	VOE	Advent II:Mon	Advent II:Mon	St Nicholas of Myra, Bishop
2027-12-07	Tue	VOE	St Ambrose, Bishop, Doctor	St Ambrose, Bishop, Doctor
2027-12-08	Wed	VOE	Immaculate Conception of our Lady	Immaculate Conception of our Lady
2027-12-09	Thu	VOE	Advent II:Thu	Advent II:Thu	St Juan Diego Cuauhtlatoatzin
2027-12-10	Fri	VOE	Advent II:Fri	Advent II:Fri	Our Lady of Loreto
2027-12-11	Sat	VOE	Advent II:Sat	Advent II:Sat	St Damasus I, Pope
2027-12-12	Sun	VOE	ADVENT III	ADVENT III
2027-12-13	Mon	VOE	St Lucy, Virgin, Martyr	St Lucy, Virgin, Martyr
2027-12-14	Tue	VOE	St John of the Cross, Priest, Doctor	St John of the Cross, Priest, Doctor
2027-12-15	Wed	VOE	Advent III:Wed	Advent III:Wed
2027-12-16	Thu	VOE	Advent III:Thu	Advent III:Thu
2027-12-17	Fri	VOE	17 Dec:O Sapientia	17 Dec:O Sapientia
2027-12-18	Sat	VOE	18 Dec:O Adonai	18 Dec:O Adonai
2027-12-19	Sun	VOE	ADVENT IV	ADVENT IV
2027-12-20	Mon	VOE	20 Dec:O Clavis David	20 Dec:O Clavis David
2027-12-21	Tue	VOE	21 Dec:O Oriens	21 Dec:O Oriens	St Peter Canisius, Priest, Doctor
2027-12-22	Wed	VOE	22 Dec:O Rex Gentium	22 Dec:O Rex Gentium
2027-12-23	Thu	VOE	23 Dec:O Emmanuel	23 Dec:O Emmanuel	St John of Kęty, Priest
2027-12-24	Fri	VOE	24 Dec	24 Dec
2027-12-25	Sat	VOE	NATIVITY OF THE LORD	NATIVITY OF THE LORD
2027-12-26	Sun	VOE	HOLY FAMILY	HOLY FAMILY
2027-12-27	Mon	VOE	27 Dec:Christmas Octave III	27 Dec:Christmas Octave III	St John, Apostle, Evangelist
2027-12-28	Tue	VOE	28 Dec:Christmas Octave IV	28 Dec:Christmas Octave IV	Holy Innocents, Martyrs
2027-12-29	Wed	VOE	29 Dec:Christmas Octave V	29 Dec:Christmas Octave V	St Thomas Becket, Bishop, Martyr
2027-12-30	Thu	VOE	30 Dec:Christmas Octave VI	30 Dec:Christmas Octave VI
2027-12-31	Fri	VOE	31 Dec:Christmas Octave VII	31 Dec:Christmas Octave VII	St Sylvester I, Pope
