1755-07-26	Benedict XIV	B14ALLAT.HTM	ALLATAE SUNT (On the observance of Oriental Rites)
1749-06-26	Benedict XIV	B14APOST.HTM	INCIPIT (Subject)
1751-06-14	Benedict XIV	B14AQUO.HTM	A QUO PRIMUM (On Jews and Christians Living in the Same Place)
1754-06-26	Benedict XIV	B14CUMRE.HTM	CUM RELIGIOSI (On Catechesis)
1756-10-16	Benedict XIV	B14EXOMN.HTM	EX OMNIBUS (On the Apostolic Constitution Unigenitus)
1756-03-01	Benedict	B14EXQUO.HTM	EX QUO (On the Euchologion)
1748-06-29	Benedict XIV	B14MAGNA.HTM	MAGNA NOBIS (On Marriage Impediments and Dispensations)
1743-05-18	Benedict XIV	B14NIMIA.HTM	NIMIAM LICENTIAM (On Validity of Marriages)
1749-05-05	Benedict XIV	B14PEREG.HTM	PEREGRINANTES (Proclaiming a Holy Year for 1750)
1741-06-30	Benedict XIV	B14QUANT.HTM	QUANTA CURA (Forbidding Traffic in Alms)
1754-08-01	Benedict XIV	B14QUOD.HTM	QUOD PROVINCIALE (On Christians Using Mohammedan Names)
1740-12-03	Benedict XIV	B14UBIPR.HTM	UBI PRIMUM (On the Duties of Bishops)
1745-11-01	Benedict XIV	B14VIXPE.HTM	INCIPIT (Subject)
1914-11-01	Benedict XV	B15ADBEA.HTM	AD BEATISSIMI APOSTOLORUM (Appealing for Peace)
1920-12-01	Benedict XV	B15ANIPL.HTM	ANNUS IAM PLENUS (On Children of Central Europe)
1921-06-29	Benedict XV	B15FADIE.HTM	FAUSTO APPETENTE DIE (On St. Dominic)
1917-06-15	Benedict XV	B15HUMAN.HTM	INCIPIT (Subject)
1918-12-01	Benedict XV	B15IAMDI.HTM	QUOD IAM DIU (On the Future Peace Conference)
1919-05-14	Benedict XV	B15INHAC.HTM	IN HAC TANTA (On St. Boniface)
1919-11-24	Benedict XV	B15PAIDI.HTM	PATERNO IAM DIU (On the Children of Central Europe)
1920-10-05	Benedict XV	B15PRAPP.HTM	PRINCIPI APOSTOLORUM PETRO (On St. Ephrem the Syrian)
1920-05-23	Benedict XV	B15PULCH.HTM	PACEM, DEI MUNUS PULCHERRIMUM (On Peace and Christian Reconciliation)
1921-01-06	Benedict XV	B15SAPRO.HTM	SACRA PROPEDIEM (On the Third Order of St. Francis)
1920-09-15	Benedict XV	B15SPIRI.HTM	SPIRITUS PARACLITUS (On St. Jerome)
1921-04-30	Benedict XV	B15SUMMO.HTM	IN PRAECLARA SUMMORUM (On Dante)
1759-12-20	Clement XIII	C13APPET.HTM	APPETENTE SACRO (On the Spiritual Advantages of Fasting)
1758-09-13	Clement XIII	C13AQUOD.HTM	A QUO DIE (On Unity Among Christians)
1766-11-25	Clement XIII	C13CHRIS.HTM	INCIPIT (Subject)
1759-09-17	Clement XIII	C13CUMPR.HTM	CUM PRIMUM (On Observing Canonical Sanctions)
1761-06-14	Clement XIII	C13INDOM.HTM	IN DOMINICO AGRO (On Instruction in the Faith)
1768-01-06	Clement XIII	C13SUMMA.HTM	SUMMA QUAE (On the Church in Poland)
1769-12-12	Clement XIV	C14CUMSU.HTM	CUM SUMMI   (Proclaiming a Universal Jubilee)
1769-09-21	Clement XIV	C14DECET.HTM	DECET QUAM MAXIME (On Abuses in Taxes and Benefices)
1769-12-12	Clement XIV	C14INSCR.HTM	INSCRUTABILI DIVINAE SAPIENTIAE (Proclaiming a Universal Jubilee)
1774-04-30	Clement XIV	C14SALUT.HTM	SALUTIS NOSTRAE (Proclaiming a Universal Jubilee)
1835-05-17	Gregory XVI	G16COMMI.HTM	COMMISSUM DIVINITUS (On Church and State)
1832-06-09	Gregory XVI	G16CUMPR.HTM	CUM PRIMUM (On Civil Obedience)
1844-05-08	Gregory XVI	G16INTER.HTM	INTER PRAECIPUAS (On Biblical Societies)
1832-08-15	Gregory XVI	G16MIRAR.HTM	MIRARI VOS (On Liberalism and Religious Indifferentism)
1840-09-18	Gregory XVI	G16PROBE.HTM	PROBE NOSTIS (On the Propagation of the Faith)
1841-04-30	Gregory XVI	G16QUASV.HTM	QUAS VESTRO (On Mixed Marriages)
1833-10-04	Gregory XVI	G16QUOGR.HTM	INCIPIT (Subject)
1834-06-25	Gregory XVI	G16SINGU.HTM	SINGULARI NOS (On the Errors of Lammenais)
1832-05-27	Gregory XVI	G16SUMMO.HTM	SUMMO IUGITER STUDIO (On Mixed Marriages)
1961-11-11	John XXIII	I23AETER.HTM	AETERNA DEI SAPIENTIA (On St. Leo the Great)
1959-09-26	John XXIII	I23GRATA.HTM	GRATA RECORDATIO  (On Pope Leo)
1961-05-15	John XXIII	I23MATER.HTM	MATER ET MAGISTRA (On Health And Apostolic Benediction)
1066-01-01	John XXIII	I23PACEM.HTM	PACEM IN TERRIS (Peace on Earth)
1962-07-01	John XXIII	I23PAENI.HTM	PAENITENTIAM AGERE (On Penance)
1066-01-01	John XXIII	I23PETRI.HTM	AD PETRI CATHEDRAM (On Truth, Unity and Peace)
1959-11-28	John XXIII	I23PRINC.HTM	PRINCEPS PASTORUM   (The Prince of the Shepherds)
1959-08-01	John XXIII	I23SACER.HTM	Vianney's Death)
1066-01-01	John Paul II	JP2EUCHA.HTM	INCIPIT (Subject)
1066-01-01	John Paul II	JP2EVANG.HTM	EVANGELIUM VITAE (The Gospel of Life)
1066-01-01	John Paul II	JP2FIDES.HTM	FIDES ET RATIO (Faith and Reason)
1066-01-01	John Paul II	JP2GIVER.HTM	DOMINUM ET VIVIFICANTEM (Lord and Giver of Life)
1991-05-01	John Paul II	JP2HUNDR.HTM	CENTESIMUS ANNUS (On the Hundredth Anniversary of Rerum Novarum)
1981-09-14	John Paul II	JP2LABOR.HTM	LABOREM EXERCENS (On Human Work)
1990-12-07	John Paul II	JP2MISSI.HTM	INCIPIT (Subject)
1066-01-01	John Paul II	JP2MOTHE.HTM	REDEMPTORIS MATER (Mother of the Redeemer)
1066-01-01	John Paul II	JP2REDEM.HTM	INCIPIT (Subject)
1066-01-01	John Paul II	JP2RICH.HTM	DIVES IN MISERICORDIA (On the Mercy of God)
1066-01-01	John Paul II	JP2SLAV.HTM	INCIPIT (Subject)
1987-12-30	John Paul II	JP2SOCIA.HTM	INCIPIT (Subject)
1066-01-01	John Paul II	JP2UTUNU.HTM	UT UNUM SINT (That They May Be One)
1066-01-01	John Paul II	JP2VER.HTM	VERITATIS SPLENDOR (The Splendor of Truth)
1066-01-01	Leo XII	L12CHARI.HTM	CHARITATE CHRISTI (Extending Jubilee to the Entire Church)
1824-05-24	Leo XII	L12QUODH.HTM	QUOD HOC INEUNTE (Proclaiming a Universal Jubilee)
1824-05-05	Leo XII	L12UBIPR.HTM	UBI PRIMUM (On His Assuming the Pontificate)
1888-05-05	Leo XIII	L13ABL.HTM	IN PLURIMIS (On the Abolition of Slavery)
05	Leo XIII	L13ADIUT.HTM	ADIUTRICEM (On the Rosary) September
1897-12-08	Leo XIII	L13AFFAR.HTM	AFFARI VOS (On the Manitoba School Question)
1888-04-01	Leo XIII	L13ANN.HTM	QUOD ANNIVERSARIUS ( On His Sacerdotal Jubilee)
1066-01-01	Leo XIII	L13ANNUM.HTM	Encyclical Letter Annum Sacram (On Consecration to the Sacred Heart)
1878-12-28	Leo XIII	L13APOST.HTM	QUOD APOSTOLICI MUNERIS (On Socialism)
1897-09-12	Leo XIII	L13AUGUS.HTM	AUGUSTISSIMAE VIRGINIS MARIAE (On the Confraternity of the Holy Rosary)
1891-03-03	Leo XIII	L13AUS.HTM	IN IPSO (On Episcopal Reunions in Austria)
1887-12-22	Leo XIII	L13BAV.HTM	OFFICIO SANCTISSIMO (On The Church in Bavaria)
1888-06-24	Leo XIII	L13BCT.HTM	SAEPE NOS (On Boycotting in Ireland)
1881-08-03	Leo XIII	L13BEL.HTM	LICET MULTA (On Catholics in Belgium)
1894-07-02	Leo XIII	L13BRZ.HTM	LITTERAS A VOBIS (On the Clergy in Brazil)
1898-07-25	Leo XIII	L13CARIT.HTM	CARITATIS STUDIUM (On the Church in Scotland)
1889-03-07	Leo XIII	L13CAT.HTM	MAGNI NOBIS (On the Catholic University of America)
1884-02-08	Leo XIII	L13CFN.HTM	NOBILISSIMA GALLORUM GENS (On the Religious Question in France)
1881-06-29	Leo XIII	L13CIV.HTM	DIUTURNUM (On the Origin of Civil Power)
1880-02-10	Leo XIII	L13CMR.HTM	ARCANUM (On Christian Marriage)
1892-07-16	Leo XIII	L13COL.HTM	QUARTO ABEUNTE SAECULO (On the Columbus Quadri-centennial)
1900-07-21	Leo XIII	L13COMPE.HTM	OMNIBUS COMPERTUM (On Unity Among the Greek Melchites)
1879-08-04	Leo XIII	L13CPH.HTM	AETERNI PATRIS (On the Restoration of Christian Philosophy)
1892-02-16	Leo XIII	L13CST.HTM	AU MILIEU DES SOLLICITUDES (On the Church and State in France)
1880-09-30	Leo XIII	L13CYM.HTM	GRANDE MUNUS (On SS. Cyril and Methodius)
1899-09-08	Leo XIII	L13DEPUI.HTM	DEPUIS LE JOUR (On the Education of the Clergy)
1898-09-05	Leo XIII	L13DIUTU.HTM	DIUTURNI TEMPORIS (On the Rosary)
1897-05-09	Leo XIII	L13DIVIN.HTM	DIVINUM ILLUD MUNUS (On the Holy Spirit)
1891-09-12	Leo XIII	L13DUL.HTM	PASTORALIS OFFICII (On the Morality of Dueling)
1894-12-24	Leo XIII	L13EAS.HTM	CHRISTI NOMEN (On Propagation of the Faith and Eastern Churches)
1885-11-27	Leo XIII	L13EDU.HTM	SPECTATA FIDES (On Christian Education)
1878-04-21	Leo XIII	L13EVL.HTM	INSCRUTABILI DEI CONSILIO (On the Evils of Society)
1902-12-08	Leo XII	L13FIDAL.HTM	FIN DAL PRINCIPIO (On the Education of the Clergy)
1896-09-20	Leo XIII	L13FIDEN.HTM	FIDENTEM PIUMQUE ANIMUM (On the Rosary)
1882-09-17	Leo XIII	L13FRC.HTM	AUSPICATO CONCESSUM (On St. Francis of Assisi)
1886-01-06	Leo XIII	L13GER.HTM	IAMPRIDEM (On Catholicism in Germany)
1901-01-18	Leo XIII	L13GRCOM.HTM	GRAVES DE COMMUNI RE (Christian Democracy)
1901-05-16	Leo XIII	L13GRVIS.HTM	GRAVISSIMAS (On Religious Orders in Portugal)
1884-04-20	Leo XIII	L13HUMAN.HTM	HUMANUM GENUS (On Freemasonry)
1893-09-02	Leo XIII	L13HUN.HTM	CONSTANTI HUNGARORUM (On the Church in Hungary)
1888-12-10	Leo XIII	L13IMI.HTM	QUAM AERUMNOSA (On Italian Immigrants)
1902-04-15	Leo XIII	L13INAMP.HTM	IN AMPLISSIMO (On the Church in the United States)
1896-05-01	Leo XIII	L13INSIG.HTM	INSIGNES (On the Hungarian Millennium)
1888-12-21	Leo XIII	L13IRE.HTM	ETSI CUNCTAS (On the Church in Ireland)
1882-02-15	Leo XIII	L13ITL.HTM	ETSI NOS (On Conditions in Italy)
1889-08-15	Leo XIII	L13JOS.HTM	QUAMQUAM PLURIES (On Devotion to St. Joseph)
1885-12-22	Leo XIII	L13JUB.HTM	QUOD AUCTORITATE (Proclaiming an Extraordinary Jubilee)
1886-08-22	Leo XIII	L13LIB.HTM	QUOD MULTUM (On the Liberty of the Church)
1888-06-20	Leo XIII	L13LIBER.HTM	LIBERTAS (On the Nature of Human Liberty)
1897-08-01	Leo XIII	L13MILIT.HTM	MILITANTIS ECCLESIAE (On St. Peter Canisius)
1902-05-28	Leo XIII	L13MIRAE.HTM	MIRAE CARITATIS (On the Holy Eucharist)
1880-12-03	Leo XIII	L13MIS.HTM	SANCTA DEI CIVITAS (On Mission Societies)
1890-10-15	Leo XIII	L13MS1.HTM	DALL'ALTO DELL'APOSTOLICO SEGGIO (On Freemasonry in Italy)
1892-12-08	Leo XIII	L13MS3.HTM	CUSTODI DI QUELLA FEDE (On Freemasonry)
1892-12-08	Leo XIII	L13MS4.HTM	INIMICA VIS (On Freemasonry)
1902-12-24	Leo XIII	L13MULTA.HTM	DUM MULTA (On Marriage Legislation)
1893-06-24	Leo XIII	L13NAT.HTM	AD EXTREMAS (On Seminaries For Native Clergy)
1899-09-18	Leo XIII	L13PATER.HTM	PATERNAE (On the Education of Clergy)
1895-07-10	Leo XIII	L13PERMO.HTM	PERMOTI NOS (On Social Conditions in Belgium)
1886-09-14	Leo XIII	L13POR.HTM	PERGRATA (On the Church in Portugal)
1893-11-18	Leo XIII	L13PROVI.HTM	PROVIDENTISSIMUS DEUS (On the Study of Holy Scripture)
1898-08-16	Leo XIII	L13QUAMR.HTM	QUAM RELIGIOSA (On Civil Marriage Law)
1902-11-22	Leo XIII	L13QUNOS.HTM	QUAE AD NOS (On the Church in Bohemia and Moravia)
1902-04-30	Leo XIII	L13QUOVO.HTM	QUOD VOTIS (On the Proposed Catholic University)
1898-12-25	Leo XIII	L13QUUMD.HTM	QUUM DIUTURNUM (On the Latin American Bishops' Plenary Council)
1891-06-25	Leo XIII	L13RELUN.HTM	PASTORALIS (On Religious Union)
1901-08-20	Leo XIII	L13REPUT.HTM	REPUTANTIUBUS (On the Language Question in Bohemia)
1891-05-15	Leo XIII	L13RERUM.HTM	RERUM NOVARUM (On Capital and Labor)
1888-12-25	Leo XIII	L13RGT.HTM	EXEUNTE IAM ANNO (On the Right Ordering of Christian Life)
1891-09-22	Leo XIII	L13RO1.HTM	OCTOBRI MENSE (On the Rosary)
1892-09-08	Leo XIII	L13RO2.HTM	MAGNAE DEI MATRIS (On the Rosary)
1893-09-08	Leo XIII	L13RO3.HTM	LAETITIAE SANCTAE (Commending Devotion to the Rosary)
1884-08-30	Leo XIII	L13RO4.HTM	SUPERIORE ANNO (On the Recitation of the Rosary)
1894-09-08	Leo XIII	L13RO5.HTM	IUCUNDA SEMPER EXPECTATIONE (On the Rosary)
1887-09-20	Leo XIII	L13ROS.HTM	VI E BEN NOTO (On the Rosary and Public Life)
1890-01-10	Leo XIII	L13SAPIE.HTM	SAPIENTIAE CHRISTIANAE (On Christians as Citizens)
1896-06-29	Leo XIII	L13SATIS.HTM	SATIS COGNITUM (On the Unity of the Church)
1890-11-20	Leo XIII	L13SLV.HTM	CATHOLICAE ECCLESIAE (On Slavery in the Missions)
1898-08-05	Leo XIII	L13SPESS.HTM	SPESSE VOLTE (On the Suppression of Catholic Institutions)
1882-12-08	Leo XIII	L13SPN.HTM	CUM MULTA (On Conditions in Spain)
1885-11-01	Leo XIII	L13STA.HTM	IMMORTALE DEI (On the Christian Constitution of States)
1883-09-01	Leo XIII	L13SUPRE.HTM	SUPREMI APOSTOLATUS OFFICIO (On Devotion of the Rosary)
1900-11-01	Leo XIII	L13TAMET.HTM	TAMETSI FUTURA PROSPICIENTIBUS (On Jesus Christ the Redeemer)
1901-11-20	Leo XIII	L13URBAN.HTM	INCIPIT (Subject)
1909-04-21	Pius X	P10ANS.HTM	COMMUNIUM RERUM (On St. Anselm of Aosta)
1910-05-26	Pius X	P10CHA.HTM	EDITAE SAEPE (On St. Charles Borromeo)
1905-04-15	Pius X	P10CHDOC.HTM	ACERBO NIMIS (On Teaching Christian Doctrine)
1906-07-28	Pius X	P10CLR.HTM	PIENI L'ANIMO (On the Clergy in Italy)
1907-01-06	Pius X	P10CST.HTM	UNE FOIS ENCORE (On the Separation of Church and State)
1905-06-11	Pius X	P10FERMO.HTM	IL FERMO PROPOSITO (On Catholic Action in Italy)
1906-08-10	Pius X	P10FR.HTM	GRAVISSIMO OFFICII MUNERE (On French Associations of Worship)
1904-03-12	Pius X	P10GREG.HTM	IUCUNDA SANE (On Pope Gregory the Great)
1904-02-02	Pius X	P10IMCON.HTM	AD DIEM ILLUM LAETISSIMUM (On the Immaculate Conception)
1912-06-07	Pius X	P10IND.HTM	LACRIMABILI STATU (On the Indians of South America)
1912-09-24	Pius X	P10LAB.HTM	SINGULARI QUADAM (On Labor Organizations)
1906-02-11	Pius X	P10LAW.HTM	VEHEMENTER NOS (On the French Law of Separation)
1906-04-05	Pius X	P10MYS.HTM	TRIBUS CIRCITER (On the Mariavites or Mystic Priests of Poland)
1066-01-01	Pius X	P10PASCE.HTM	INCIPIT (Subject)
1911-05-24	Pius X	P10POR.HTM	IAMDUDUM (On the Law of Separation in Portugal)
1903-10-04	Pius X	P10SUPRE.HTM	E SUPREMI (On the Restoration of All Things in Christ)
1932-09-29	Pius XI	P11ANIMI.HTM	ACERBA ANIMI (On Persecution of the Church in Mexico)
1922-12-23	Pius XI	P11ARCAN.HTM	INCIPIT (Subject)
1937-03-14	Pius XI	P11BRENN.HTM	MIT BRENNENDER SORGE (On the Church and the German Reich)
1932-05-03	Pius XI	P11CARIT.HTM	CARITATE CHRISTI COMPULSI (On the Sacred Heart)
1930-12-31	Pius XI	P11CASTI.HTM	CASTI CONNUBII (On Christian Marriage)
1935-12-20	Pius XI	P11CATHO.HTM	AD CATHOLICI SACERDOTII (On the Catholic Priesthood)
1929-12-31	Pius XI	P11DIVIL.HTM	DIVINI ILLIUS MAGISTRI (On Christian Education)
1937-03-19	Pius XI	P11DIVIN.HTM	DIVINI REDEMPTORIS (On Atheistic Communism)
1923-11-12	Pius XI	P11ECCLE.HTM	ECCLESIAM DEI (On St. Josaphat)
1931-06-29	Pius XI	P11FAC.HTM	NON ABBIAMO BISOGNO (On Catholic Action in Italy)
1937-09-29	Pius XI	P11GRAVE.HTM	INGRAVESCENTIBUS MALIS (On the Rosary)
1931-10-02	Pius XI	P11IMPEN.HTM	NOVA IMPENDET (On the Economic Crisis)
1926-11-18	Pius XI	P11INIQU.HTM	INIQUIS AFFLICTISQUE (On the Persecution of the Church in Mexico)
1924-01-18	Pius XI	P11MAXIM.HTM	MAXIMAM GRAVISSIMAMQUE (On French Diocesan Associations)
1929-12-20	Pius XI	P11MENS.HTM	MENS NOSTRA (The Promotion of the Spiritual Exercises)
1928-05-08	Pius XI	P11MISER.HTM	MISERENTISSIMUS REDEMPTOR (On Reparation to the Sacred Heart)
1928-01-06	Pius XI	P11MORTA.HTM	MORTALIUM ANIMOS (On Religious Unity)
1933-06-03	Pius XI	P11NOBIS.HTM	DILECTISSIMA NOBIS (On Oppression of the Church of Spain)
1937-03-28	Pius XI	P11NOSES.HTM	NOS ES MUY CONOCIDA (On the Religious Situation in Mexico)
1923-01-26	Pius XI	P11PERTU.HTM	RERUM OMNIUM PERTURBATIONEM (St. Francis De Sales)
1925-12-11	Pius XI	P11PRIMA.HTM	QUAS PRIMAS (On the Feast of Christ the King)
1931-05-15	Pius XI	P11QUADR.HTM	QUADRAGESIMO ANNO (On Reconstruction of the Social Order)
1929-12-23	Pius XI	P11QUINQ.HTM	QUINQUAGESIMO ANTE (On His Sacerdotal Jubilee)
1926-02-08	Pius XI	P11REREC.HTM	RERUM ECCLESIAE (On Catholic Missions)
1928-09-08	Pius XI	P11REROR.HTM	RERUM ORIENTALIUM (On the Promotion of Oriental Studies)
1926-04-13	Pius XI	P11RITEX.HTM	RITE EXPIATIS (On St. Francis of Assisi)
1930-04-30	Pius XI	P11SALUT.HTM	AD SALUTEM (On St. Augustine)
1923-06-29	Pius XI	P11STUDI.HTM	STUDIORUM DUCEM (On St. Thomas Aquinas)
1931-12-25	Pius XI	P11VERIT.HTM	LUX VERITATIS (On the Council of Ephesus)
1066-01-01	Pius XI	P11VIGIL.HTM	INCIPIT (Subject)
1950-03-12	Pius XII	P12ANNI.HTM	INCIPIT (Subject)
1958-06-29	Pius XII	P12APOST.HTM	AD APOSTOLORUM PRINCIPIS (On Communism And The Church In China)
1948-05-01	Pius XII	P12AUSPI.HTM	INCIPIT (Subject)
1066-01-01	Pius XII	P12CAELI.HTM	AD CAELI REGINAM (?)
1945-04-15	Pius XII	P12COMMU.HTM	INCIPIT (Subject)
1956-11-05	Pius XII	P12DATIS.HTM	INCIPIT (Subject)
1946-05-01	Pius XII	P12DEIPA.HTM	INCIPIT (Subject)
1943-09-30	Pius XII	P12DIVIN.HTM	DIVINO AFFLANTE SPIRITU (Divine Spirit)
1953-05-24	Pius XII	P12DOCTO.HTM	INCIPIT (Subject)
1952-12-15	Pius XII	P12ECCLE.HTM	ORIENTALES ECCLESIAS (On The Persecuted Eastern Church)
1951-06-02	Pius XII	P12EVANG.HTM	EVANGELII PRAECONES (On Promotion Of Catholic Missions)
1954-06-05	Pius XII	P12FASTO.HTM	ECCLESIAE FASTOS (On St. Boniface)
1957-04-21	Pius XII	P12FIDEI.HTM	INCIPIT (Subject)
1953-09-08	Pius XII	P12FULGE.HTM	INCIPIT (Subject)
1956-05-15	Pius XII	P12HAURI.HTM	HAURIETIS AQUAS (On Devotion To The Sacred Heart)
1950-08-12	Pius XII	P12HUMAN.HTM	INCIPIT (Subject)
1951-09-15	Pius XII	P12INGRU.HTM	INGRUENTIUM MALORUM (On Reciting the Rosary)
1957-05-16	Pius XII	P12INVIC.HTM	INVICTI ATHLETAE (On St. Andrew Bobola)
1956-11-01	Pius XII	P12LAETA.HTM	INCIPIT (Subject)
1956-10-28	Pius XII	P12LUCTU.HTM	INCIPIT (Subject)
1950-07-19	Pius XII	P12MAERO.HTM	SUMMI MAERORIS (On Public Prayers For Peace)
1947-11-20	Pius XII	P12MEDIA.HTM	MEDIATOR DEI (On the Sacred Liturgy)
1958-07-14	Pius XII	P12MEMIN.HTM	MEMINISSE IUVAT (On Prayers For The Persecuted Church)
1950-12-06	Pius XII	P12MIRAB.HTM	MIRABILE ILLUD (On The Crusade Of Prayer For Peace)
1066-01-01	Pius XII	P12MIRAN.HTM	INCIPIT (Subject)
1948-10-24	Pius XII	P12MULTI.HTM	IN MULTIPLICIBUS CURIS (On Prayers For Peace In Palestine)
1955-12-25	Pius XII	P12MUSIC.HTM	MUSICAE SACRAE (On Sacred Music)
1943-06-29	Pius XII	P12MYSTI.HTM	MYSTICI CORPORIS CHRISTI (On the Mystical Body of Christ)
1945-12-23	Pius XII	P12OMNES.HTM	INCIPIT (Subject)
1947-12-18	Pius XII	P12OPTAT.HTM	INCIPIT (Subject)
1944-04-09	Pius XII	P12ORIEN.HTM	ORIENTALIS ECCLESIAE (On St. Cyril, Patriarch of Alexandria)
1957-07-02	Pius XII	P12PELER.HTM	INCIPIT (Subject)
1946-01-06	Pius XII	P12QUEMA.HTM	QUEMADMODUM (Pleading For the Care of the World's Destitute Children)
1947-03-21	Pius XII	P12RADIA.HTM	FULGENS RADIATUR (On St. Benedict)
1949-04-15	Pius XII	P12REDEM.HTM	REDEMPTORIS NOSTRI CRUCIATUS (On The Holy Places In Palestine)
1954-03-25	Pius XII	P12SACRA.HTM	SACRA VIRGINITAS (On Consecrated Virginity)
1940-06-13	Pius XII	P12SAECU.HTM	INCIPIT (Subject)
1951-09-08	Pius XII	P12SEMPI.HTM	SEMPITERNUS REX CHRISTUS (On The Council Of Chalcedon)
1939-11-01	Pius XII	P12SERTU.HTM	Establishment of the Hierarchy In the United States)
1954-10-07	Pius XII	P12SINAR.HTM	AD SINARUM GENTEM (On The Supranationality Of The Church)
1939-10-20	Pius XII	P12SUMMI.HTM	SUMMI PONTIFICATUS (On the Unity of Human Society)
1791-04-13	Pius VI	P6CHARIT.HTM	CHARITAS (On The Civil Oath In France)
1966-09-15	Paul VI	P6CHRIST.HTM	INCIPIT (Subject)
1967-03-26	Paul VI	P6DEVELO.HTM	POPULORUM PROGRESSIO (On The Development Of Peoples)
1964-08-06	Paul VI	P6ECCLES.HTM	ECCLESIAM SUAM (Paths Of The Church)
1968-07-25	Paul VI	P6HUMANA.HTM	HUMANAE VITAE (On The Regulation Of Birth)
1775-12-25	Pius VI	P6INSCRU.HTM	INSCRUTABILE (On The Problems Of The Pontificate)
1066-01-01	Paul VI	P6MONTH.HTM	INCIPIT (Subject)
1967-06-24	Paul VI	P6SACERD.HTM	SACERDOTALIS CAELIBATUS (The Celibacy of the Priest)
1800-05-15	Pius VII	P7DIUSAT.HTM	DIU SATIS (On A Return To Gospel Principles)
1829-05-24	Pius VIII	P8TRADIT.HTM	TRADITI HUMILITATI (On His Program For The Pontificate)
1858-05-03	Pius IX	P9AMANT1.HTM	AMANTISSIMI REDEMPTORIS (On Priests And The Care Of Souls)
1862-04-08	Pius IX	P9AMANT2.HTM	AMANTISSIMUS (On The Care Of The Churches)
1854-08-01	Pius IX	P9APOSTO.HTM	APOSTOLICAE NOSTRAE CARITATIS (Urging Prayers For Peace)
1871-06-04	Pius IX	P9BENEFI.HTM	BENEFICIA DEI (On The Twenty-Fifth Anniversary Of His Pontificate)
1858-01-20	Pius IX	P9CUMNUP.HTM	CUM NUPER (On Care For Clerics)
1859-04-27	Pius IX	P9CUMSAN.HTM	CUM SANCTA MATER ECCLESIA (Pleading For Public Prayer)
1873-11-21	Pius IX	P9ETSIMU.HTM	ETSI MULTA (On The Church In Italy, Germany, And Switzerland)
1851-11-21	Pius IX	P9EXULTA.HTM	EXULTAVIT COR NOSTRUM (On The Effects Of The Jubilee)
1875-03-23	Pius IX	P9GRAVES.HTM	GRAVES AC DIUTURNAE (On The Church In Switzerland)
1874-12-24	Pius IX	P9GRAVIB.HTM	GRAVIBUS ECCLESIAE (Proclaiming A Jubilee For 1875)
1863-09-17	Pius IX	P9INCRED.HTM	INCREDIBILI (On Persecution in New Granada)
1853-03-21	Pius IX	P9INTERM.HTM	INTER MULTIPLICES (Pleading For Unity Of Spirit)
1867-10-21	Pius IX	P9LEVATE.HTM	LEVATE (On The Afflictions Of Church)
1864-08-18	Pius IX	P9MAXIMA.HTM	MAXIMAE QUIDEM (On The Church In Bavaria)
1865-09-30	Pius IX	P9MERIDI.HTM	MERIDIONALI AMERICAE (On The Seminary For Native Clergy)
1854-02-02	Pius IX	P9NEMINI.HTM	NEMINEM VESTRUM (On The Persecution Of Armenians)
1852-03-25	Pius IX	P9NEMOCE.HTM	NEMO CERTE IGNORAT (On Discipline For Clergy)
1849-12-08	Pius IX	P9NOSTIS.HTM	NOSTIS ET NOBISCUM (On The Church In The Pontifical States)
1860-01-19	Pius IX	P9NULLIS.HTM	NULLIS CERTE VERBIS (On The Need For Civil Sovereignty)
1874-05-13	Pius IX	P9OMNEMS.HTM	OMNEM SOLLICITUDINEM (On The Greek-Ruthenian Rite)
1854-03-20	Pius IX	P9OPTIM1.HTM	OPTIME NOSCITIS (On The Proposed Catholic University Of Ireland)
1855-11-05	Pius IX	P9OPTIM2.HTM	OPTIME NOSCITIS (On Episcopal Meetings)
1847-03-25	Pius IX	P9PRAEDE.HTM	PRAEDECESSORES NOSTROS (On Aid For Ireland)
1852-05-17	Pius IX	P9PROBEN.HTM	PROBE NOSCITIS VENERABILES (On The Discipline For Clergy)
1872-11-16	Pius IX	P9QUAEIN.HTM	QUAE IN PATRIARCHATU (On The Church In Chaldea)
1864-12-08	Pius IX	P9QUANTA.HTM	QUANTA CURA (Condemning Current Errors)
1863-08-10	Pius IX	P9QUANTO.HTM	QUANTO CONFICIAMUR MOERORE (On Promotion Of False Doctrines)
1873-01-06	Pius IX	P9QUARTU.HTM	QUARTUS SUPRA (On The Church In Armenia)
1859-06-18	Pius IX	P9QUINUP.HTM	QUI NUPER (On Pontifical States)
1846-11-09	Pius IX	P9QUIPLU.HTM	QUI PLURIBUS (On Faith And Religion)
1875-02-05	Pius IX	P9QUODNU.HTM	QUOD NUNQUAM (On The Church In Prussia)
1870-11-01	Pius IX	P9RESPIC.HTM	RESPICIENTES (Protesting The Taking Of The Pontifical States)
1871-08-05	Pius IX	P9SAEPEV.HTM	INCIPIT (Subject)
1856-03-17	Pius IX	P9SINGUL.HTM	SINGULARI QUIDEM (On The Church In Austria)
1871-05-15	Pius IX	P9UBINOS.HTM	UBI NOS (On Pontifical States)
1847-06-17	Pius IX	P9UBIPR1.HTM	UBI PRIMUM (On Discipline For Religious)
1849-02-02	Pius IX	P9UBIPR2.HTM	UBI PRIMUM (On The Immaculate Conception)
1874-03-07	Pius IX	P9VIXDUM.HTM	VIX DUM A NOBIS (On the Church in Austria)
