Seq	PropersID	Year	Reference
1	Ord. Time, Week 5, Mon	1	Gen 1:1-19
2	Ord. Time, Week 5, Tues	1	Gen 1:20—2:4a
3	Ord. Time, Week 5, Wed	1	Gen 2:4b-9, 15-17
4	Ord. Time, Week 5, Thurs	1	Gen 2:18-25
5	Ord. Time, Week 5, Fri	1	Gen 3:1-8
6	Dec 8: Solemnity: Immaculate Conception of the BVMary	1+2	Gen 3:9-15, 20
7	Mon after Pentecost: BVMary, Mother of the Church (option 1)	1+2	Gen 3:9-15, 20
8	Ord. Time, Week 5, Sat	1	Gen 3:9-24
9	Ord. Time, Week 6, Mon	1	Gen 4:1-15, 25
10	Ord. Time, Week 6, Tues	1	Gen 6:5-8; 7:1-5, 10
11	Ord. Time, Week 6, Wed	1	Gen 8:6-13, 20-22
12	Ord. Time, Week 6, Thurs	1	Gen 9:1-13
13	Ord. Time, Week 6, Fri	1	Gen 11:1-9
14	Ord. Time, Week 12, Mon	1	Gen 12:1-9
15	Ord. Time, Week 12, Tues	1	Gen 13:2, 5-18
16	Ord. Time, Week 12, Wed	1	Gen 15:1-12, 17-18
17	Ord. Time, Week 12, Thurs	1	Gen 16:1-12, 15-16 or 16:6b-12, 15-16
18	Ord. Time, Week 12, Fri	1	Gen 17:1, 9-10, 15-22
19	Lent, Week 5, Thurs	1+2	Gen 17:3-9
20	Ord. Time, Week 12, Sat	1	Gen 18:1-15
21	Ord. Time, Week 13, Mon	1	Gen 18:16-33
22	Ord. Time, Week 13, Tues	1	Gen 19:15-29
23	Ord. Time, Week 13, Wed	1	Gen 21:5, 8-20a
24	Ord. Time, Week 13, Thurs	1	Gen 22:1b-19
25	Ord. Time, Week 13, Fri	1	Gen 23:1-4, 19; 24:1-8, 62-67
26	Ord. Time, Week 13, Sat	1	Gen 27:1-5, 15-29
27	Ord. Time, Week 14, Mon	1	Gen 28:10-22a
28	Ord. Time, Week 14, Tues	1	Gen 32:23-33
29	Lent, Week 2, Fri	1+2	Gen 37:3-4, 12-13a, 17b-28a
30	Ord. Time, Week 14, Wed	1	Gen 41:55-57; 42:5-7a, 17-24a
31	Ord. Time, Week 14, Thurs	1	Gen 44:18-21, 23b-29; 45:1-5
32	Ord. Time, Week 14, Fri	1	Gen 46:1-7, 28-30
33	Advent, Dec. 17	1+2	Gen 49:2, 8-10
34	Ord. Time, Week 14, Sat	1	Gen 49:29-32; 50:15-26a
35	Ord. Time, Week 15, Mon	1	Exod 1:8-14, 22
36	Ord. Time, Week 15, Tues	1	Exod 2:1-15a
37	Ord. Time, Week 15, Wed	1	Exod 3:1-6, 9-12
38	Ord. Time, Week 15, Thurs	1	Exod 3:13-20
39	Ord. Time, Week 15, Fri	1	Exod 11:10—12:14
40	Ord. Time, Week 15, Sat	1	Exod 12:37-42
41	Ord. Time, Week 16, Mon	1	Exod 14:5-18
42	Ord. Time, Week 16, Tues	1	Exod 14:21—15:1
43	Ord. Time, Week 16, Mon	1	Exod 15:1bc-2, 3-4, 5-6
44	Ord. Time, Week 16, Tues	1	Exod 15:8-9, 10+12, 17
45	Ord. Time, Week 16, Wed	1	Exod 16:1-5, 9-15
46	Lent, Week 3, opt. Mass	1+2	Exod 17:1-7
47	Ord. Time, Week 16, Thurs	1	Exod 19:1-2, 9-11, 16-20b
48	Ord. Time, Week 16, Fri	1	Exod 20:1-17
49	Oct 2: Holy Guardian Angels	1+2	Exod 23:20-23
50	Ord. Time, Week 16, Sat	1	Exod 24:3-8
51	Lent, Week 4, Thurs	1+2	Exod 32:7-14
52	Ord. Time, Week 17, Mon	1	Exod 32:15-24, 30-34
53	Ord. Time, Week 17, Tues	1	Exod 33:7-11; 34:5b-9, 28
54	Ord. Time, Week 17, Wed	1	Exod 34:29-35
55	Ord. Time, Week 17, Thurs	1	Exod 40:16-21, 34-38
56	Lent, Week 1, Mon	1+2	Lev 19:1-2, 11-18
57	Ord. Time, Week 17, Fri	1	Lev 23:1, 4-11, 15-16, 27, 34b-37
58	Ord. Time, Week 17, Sat	1	Lev 25:1, 8-17
59	Ord. Time, Week 18, Mon	1	Num 11:4b-15
60	Ord. Time, Week 18, Tues	1	Num 12:1-13
61	Ord. Time, Week 18, Wed	1	Num 13:1-2, 25—14:1, 26a-29a, 34-35
62	Ord. Time, Week 18, Thurs	1	Num 20:1-13
63	Lent, Week 5, Tues	1+2	Num 21:4-9
64	Sept 14: Feast: Exaltation of the Holy Cross	1+2	Num 21:4b-9
65	Advent, Week 3, Mon	1+2	Num 24:2-7, 15-17a
66	Lent, Week 3, Wed	1+2	Deut 4:1, 5-9
67	Ord. Time, Week 18, Fri	1	Deut 4:32-40
68	Ord. Time, Week 18, Sat	1	Deut 6:4-13
69	Ord. Time, Week 19, Mon	1	Deut 10:12-22
70	Lent, Week 1, Sat	1+2	Deut 26:16-19
71	Thursday after Ash Wed.	1+2	Deut 30:15-20
72	Ord. Time, Week 19, Tues	1	Deut 31:1-8
73	Ord. Time, Week 19, Tues	1	Deut 32:3-4ab, 7, 8, 9+12
74	Ord. Time, Week 17, Mon	2	Deut 32:18-19, 20, 21
75	Ord. Time, Week 20, Mon	2	Deut 32:18-19, 20, 21
76	Ord. Time, Week 20, Tues	2	Deut 32:26-27ab, 27cd-28, 30, 35cd-36ab
77	Ord. Time, Week 18, Fri	2	Deut 32:35cd-36ab, 39abcd, 41
78	Ord. Time, Week 19, Wed	1	Deut 34:1-12
79	Ord. Time, Week 19, Thurs	1	Josh 3:7-10a, 11, 13-17
80	Ord. Time, Week 19, Fri	1	Josh 24:1-13
81	Ord. Time, Week 19, Sat	1	Josh 24:14-29
82	Ord. Time, Week 20, Mon	1	Judg 2:11-19
83	Ord. Time, Week 20, Tues	1	Judg 6:11-24a
84	Ord. Time, Week 20, Wed	1	Judg 9:6-15
85	Ord. Time, Week 20, Thurs	1	Judg 11:29-39a
86	Advent, Dec. 19	1+2	Judg 13:2-7, 24-25a
87	Ord. Time, Week 20, Fri	1	Ruth 1:1, 3-6, 14b-16, 22
88	Ord. Time, Week 20, Sat	1	Ruth 2:1-3, 8-11; 4:13-17
89	Ord. Time, Week 1, Mon	2	1 Sam 1:1-8
90	Ord. Time, Week 1, Tues	2	1 Sam 1:9-20
91	Advent, Dec. 22	1+2	1 Sam 1:24-28
92	Advent, Dec. 22	1+2	1 Sam 2:1, 4-5, 6-7, 8abcd
93	Ord. Time, Week 1, Tues	2	1 Sam 2:1, 4-5, 6-7, 8abcd
94	Ord. Time, Week 1, Wed	2	1 Sam 3:1-10, 19-20
95	Ord. Time, Week 1, Thurs	2	1 Sam 4:1-11
96	Ord. Time, Week 1, Fri	2	1 Sam 8:4-7, 10-22a
97	Ord. Time, Week 1, Sat	2	1 Sam 9:1-4, 17-19; 10:1
98	Ord. Time, Week 2, Mon	2	1 Sam 15:16-23
99	Ord. Time, Week 2, Tues	2	1 Sam 16:1-13
100	Ord. Time, Week 2, Wed	2	1 Sam 17:32-33, 37, 40-51
101	Ord. Time, Week 2, Thurs	2	1 Sam 18:6-9; 19:1-7
102	Ord. Time, Week 2, Fri	2	1 Sam 24:3-21
103	Ord. Time, Week 2, Sat	2	2 Sam 1:1-4, 11-12, 19, 23-27
104	Ord. Time, Week 3, Mon	2	2 Sam 5:1-7, 10
105	Ord. Time, Week 3, Tues	2	2 Sam 6:12b-15, 17-19
106	Advent, Dec. 24 (morning Mass)	1+2	2 Sam 7:1-5, 8b-12, 14a, 16
107	March 19: Solemnity: St. Joseph, husband of the BVMary	1+2	2 Sam 7:4-5a, 12-14a, 16
108	Ord. Time, Week 3, Wed	2	2 Sam 7:4-17
109	Ord. Time, Week 3, Thurs	2	2 Sam 7:18-19, 24-29
110	Ord. Time, Week 3, Fri	2	2 Sam 11:1-4a, 5-10a, 13-17
111	Ord. Time, Week 3, Sat	2	2 Sam 12:1-7a, 10-17
112	Ord. Time, Week 4, Mon	2	2 Sam 15:13-14, 30; 16:5-13
113	Ord. Time, Week 4, Tues	2	2 Sam 18:9-10, 14b, 24-25a, 30—19:3
114	Ord. Time, Week 4, Wed	2	2 Sam 24:2, 9-17
115	Ord. Time, Week 4, Thurs	2	1 Kgs 2:1-4, 10-12
116	Ord. Time, Week 4, Sat	2	1 Kgs 3:4-13
117	Ord. Time, Week 5, Mon	2	1 Kgs 8:1-7, 9-13
118	Ord. Time, Week 5, Tues	2	1 Kgs 8:22-23, 27-30
119	Ord. Time, Week 5, Wed	2	1 Kgs 10:1-10
120	Ord. Time, Week 5, Thurs	2	1 Kgs 11:4-13
121	Ord. Time, Week 5, Fri	2	1 Kgs 11:29-32; 12:19
122	Ord. Time, Week 5, Sat	2	1 Kgs 12:26-32; 13:33-34
123	Ord. Time, Week 10, Mon	2	1 Kgs 17:1-6
124	Ord. Time, Week 10, Tues	2	1 Kgs 17:7-16
125	Ord. Time, Week 10, Wed	2	1 Kgs 18:20-39
126	Ord. Time, Week 10, Thurs	2	1 Kgs 18:41-46
127	Ord. Time, Week 10, Fri	2	1 Kgs 19:9a, 11-16
128	Ord. Time, Week 10, Sat	2	1 Kgs 19:19-21
129	Ord. Time, Week 11, Mon	2	1 Kgs 21:1-16
130	Ord. Time, Week 11, Tues	2	1 Kgs 21:17-29
131	Ord. Time, Week 11, Wed	2	2 Kgs 2:1, 6-14
132	Lent, Week 5, opt. Mass	1+2	2 Kgs 4:18b-21, 32-37
133	Lent, Week 3, Mon	1+2	2 Kgs 5:1-15a
134	Ord. Time, Week 11, Fri	2	2 Kgs 11:1-4, 9-18, 20
135	Ord. Time, Week 12, Mon	2	2 Kgs 17:5-8, 13-15a, 18
136	Ord. Time, Week 12, Tues	2	2 Kgs 19:9b-11, 14-21, 31-35a, 36
137	Ord. Time, Week 12, Wed	2	2 Kgs 22:8-13; 23:1-3
138	Ord. Time, Week 12, Thurs	2	2 Kgs 24:8-17
139	Ord. Time, Week 12, Fri	2	2 Kgs 25:1-12
140	Aug 15: Solemnity: Assumption of the BVMary, Vigil	1+2	1 Chr 15:3-4, 15-16; 16:1-2
141	Ord. Time, Week 4, Thurs	2	1 Chr 29:10bcd, 11ab, 11d-12a, 12bcd
142	Ord. Time, Week 33, Fri	1	1 Chr 29:10bcd, 11abc, 11d-12a, 12bcd
143	Ord. Time, Week 11, Sat	2	2 Chr 24:17-25
144	Ord. Time, Week 25, Mon	1	Ezra 1:1-6
145	Ord. Time, Week 25, Tues	1	Ezra 6:7-8, 12b, 14-20
146	Ord. Time, Week 25, Wed	1	Ezra 9:5-9
147	Ord. Time, Week 26, Wed	1	Neh 2:1-8
148	Ord. Time, Week 26, Thurs	1	Neh 8:1-4a, 5-6, 7b-12
149	Ord. Time, Week 9, Mon	1	Tob 1:3; 2:1a-8
150	Ord. Time, Week 9, Tues	1	Tob 2:9-14
151	Ord. Time, Week 9, Wed	1	Tob 3:1-11a, 16-17a
152	Ord. Time, Week 9, Thurs	1	Tob 6:10-11; 7:1bcde, 9-17; 8:4-9a
153	Ord. Time, Week 9, Fri	1	Tob 11:5-17
154	Ord. Time, Week 9, Sat	1	Tob 12:1, 5-15, 20
155	Ord. Time, Week 25, Wed	1	Tob 13:2, 3-4a, 6, 7, 10 [Vulg.]
156	Ord. Time, Week 9, Sat	1	Tob 13:2, 6, 7, 10 [Vulg.]
157	Dec 12: Our Lady of Guadalupe (responsorial)	1+2	Judith 13:18bcde, 19
158	Lent, Week 1, Thurs	1+2	Esth C:12, 14-16, 23-25
159	Ord. Time, Week 33, Mon	1	1 Macc 1:10-15, 41-43, 54-57, 62-63
160	Ord. Time, Week 33, Thurs	1	1 Macc 2:15-29
161	Ord. Time, Week 33, Fri	1	1 Macc 4:36-37, 52-59
162	Ord. Time, Week 33, Sat	1	1 Macc 6:1-13
163	Ord. Time, Week 33, Tues	1	2 Macc 6:18-31
164	Ord. Time, Week 33, Wed	1	2 Macc 7:1, 20-31
165	Ord. Time, Week 26, Mon	2	Job 1:6-22
166	Ord. Time, Week 26, Tues	2	Job 3:1-3, 11-17, 20-23
167	Ord. Time, Week 26, Wed	2	Job 9:1-12, 14-16
168	Ord. Time, Week 26, Thurs	2	Job 19:21-27
169	Ord. Time, Week 26, Fri	2	Job 38:1, 12-21; 40:3-5
170	Ord. Time, Week 26, Sat	2	Job 42:1-3, 5-6, 12-17
171	Ord. Time, Week 25, Mon	2	Prov 3:27-34
172	Ord. Time, Week 25, Tues	2	Prov 21:1-6, 10-13
173	Ord. Time, Week 25, Wed	2	Prov 30:5-9
174	Ord. Time, Week 25, Thurs	2	Eccl/Qoh 1:2-11
175	Ord. Time, Week 25, Fri	2	Eccl/Qoh 3:1-11
176	Ord. Time, Week 25, Sat	2	Eccl/Qoh 11:9—12:8
177	Advent, Dec. 21 (opt. 1)	1+2	Cant 2:8-14
178	Ord. Time, Week 32, Mon	1	Wis 1:1-7
179	Lent, Week 4, Fri	1+2	Wis 2:1a, 12-22
180	Ord. Time, Week 32, Tues	1	Wis 2:23—3:9
181	Ord. Time, Week 32, Wed	1	Wis 6:1-11
182	Ord. Time, Week 32, Thurs	1	Wis 7:22b—8:1
183	Ord. Time, Week 32, Fri	1	Wis 13:1-9
184	Ord. Time, Week 32, Sat	1	Wis 18:14-16; 19:6-9
185	Ord. Time, Week 7, Mon	1	Sir 1:1-10
186	Ord. Time, Week 7, Tues	1	Sir 2:1-11
187	Ord. Time, Week 7, Wed	1	Sir 4:11-19
188	Ord. Time, Week 7, Thurs	1	Sir 5:1-8
189	Ord. Time, Week 7, Fri	1	Sir 6:5-17
190	Ord. Time, Week 7, Sat	1	Sir 17:1-15
191	Ord. Time, Week 8, Mon	1	Sir 17:20-24
192	Ord. Time, Week 8, Tues	1	Sir 35:1-12
193	Ord. Time, Week 8, Wed	1	Sir 36:1, 4-5a, 10-17
194	Ord. Time, Week 8, Thurs	1	Sir 42:15-25
195	Ord. Time, Week 8, Fri	1	Sir 44:1, 9-13
196	July 26: Sts. Joachim and Anne, parents of BVMary	1+2	Sir 44:1, 10-15
197	Ord. Time, Week 4, Fri	2	Sir 47:2-11
198	Advent, Week 2, Sat	1+2	Sir 48:1-4, 9-11
199	Ord. Time, Week 11, Thurs	2	Sir 48:1-14
200	Ord. Time, Week 8, Sat	1	Sir 51:12cd-20
201	Ord. Time, Week 15, Mon	2	Isa 1:10-17
202	Lent, Week 2, Tues	1+2	Isa 1:10, 16-20
203	Advent, Week 1, Mon	1+2	Isa 2:1-5
204	Advent, Week 1, Mon (in Year A)	1+2	Isa 4:2-6
205	Ord. Time, Week 14, Sat	2	Isa 6:1-8
206	Ord. Time, Week 15, Tues	2	Isa 7:1-9
207	Advent, Dec. 20	1+2	Isa 7:10-14
208	March 25: Solemnity: Annunciation of the Lord	1+2	Isa 7:10-14; 8:10
209	Ord. Time, Week 15, Wed	2	Isa 10:5-7, 13b-16
210	Advent, Week 1, Tues	1+2	Isa 11:1-10
211	Ord. Time, Week 19, Fri	2	Isa 12:2-3, 4bcd, 5-6
212	Ord. Time, Week 29, Wed	2	Isa 12:2-3, 4bcd, 5-6
213	May 31: Visitation of the BVMary (responsorial)	1+2	Isa 12:2-3, 4bcd, 5-6
214	Advent, Week 1, Wed	1+2	Isa 25:6-10a
215	Advent, Week 1, Thurs	1+2	Isa 26:1-6
216	Ord. Time, Week 15, Thurs	2	Isa 26:7-9, 12, 16-19
217	Advent, Week 1, Fri	1+2	Isa 29:17-24
218	Advent, Week 1, Sat	1+2	Isa 30:19-21, 23-26
219	Advent, Week 2, Mon	1+2	Isa 35:1-10
220	Ord. Time, Week 15, Fri	2	Isa 38:1-6, 21-22, 7-8
221	Ord. Time, Week 15, Fri	2	Isa 38:10, 11, 12abcd, 16
222	Advent, Week 2, Tues	1+2	Isa 40:1-11
223	Advent, Week 2, Wed	1+2	Isa 40:25-31
224	Advent, Week 2, Thurs	1+2	Isa 41:13-20
225	Holy Week, Mon	1+2	Isa 42:1-7
226	Advent, Week 3, Wed	1+2	Isa 45:6c-8, 18, 21c-25
227	Advent, Week 2, Fri	1+2	Isa 48:17-19
228	Holy Week, Tues	1+2	Isa 49:1-6
229	June 24: Solemnity: Nativity of St. John the Baptist, Day	1+2	Isa 49:1-6
230	Lent, Week 4, Wed	1+2	Isa 49:8-15
231	Holy Week, Wed	1+2	Isa 50:4-9a
232	Good Friday of the Lord’s Passion	1+2	Isa 52:13—53:12
233	Advent, Week 3, Thurs	1+2	Isa 54:1-10
234	Lent, Week 1, Tues	1+2	Isa 55:10-11
235	Advent, Week 3, Fri	1+2	Isa 56:1-3a, 6-8
236	Friday after Ash Wed.	1+2	Isa 58:1-9a
237	Saturday after Ash Wed.	1+2	Isa 58:9b-14
238	Holy Week, Chrism Mass (1st Reading)	1+2	Isa 61:1-3a, 6a, 8b-9
239	Lent, Week 4, Mon	1+2	Isa 65:17-21
240	Ord. Time, Week 16, Wed	2	Jer 1:1, 4-10
241	June 24: Solemnity: Nativity of St. John the Baptist, Vigil	1+2	Jer 1:4-10
242	Aug 29: Martyrdom of St. John the Baptist	1+2	Jer 1:17-19
243	Ord. Time, Week 16, Thurs	2	Jer 2:1-3, 7-8, 12-13
244	Ord. Time, Week 16, Fri	2	Jer 3:14-17
245	Ord. Time, Week 16, Sat	2	Jer 7:1-11
246	Lent, Week 3, Thurs	1+2	Jer 7:23-28
247	Lent, Week 4, Sat	1+2	Jer 11:18-20
248	Ord. Time, Week 17, Mon	2	Jer 13:1-11
249	Ord. Time, Week 17, Tues	2	Jer 14:17-22
250	Ord. Time, Week 17, Wed	2	Jer 15:10, 16-21
251	Lent, Week 2, Thurs	1+2	Jer 17:5-10
252	Ord. Time, Week 17, Thurs	2	Jer 18:1-6
253	Lent, Week 2, Wed	1+2	Jer 18:18-20
254	Lent, Week 5, Fri	1+2	Jer 20:10-13
255	Advent, Dec. 18	1+2	Jer 23:5-8
256	Ord. Time, Week 17, Fri	2	Jer 26:1-9
257	Ord. Time, Week 17, Sat	2	Jer 26:11-16, 24
258	Ord. Time, Week 18, Mon	2	Jer 28:1-17
259	Ord. Time, Week 18, Tues	2	Jer 30:1-2, 12-15, 18-22
260	Ord. Time, Week 18, Wed	2	Jer 31:1-7
261	Ord. Time, Week 25, Sat	1	Jer 31:10, 11-12ab, 13
262	Ord. Time, Week 18, Wed	2	Jer 31:10, 11-12ab, 13
263	Lent, Week 5, Sat	1+2	Jer 31:10, 11-12ab[cd], 13
264	Ord. Time, Week 16, Fri	2	Jer 31:10, 11-12ab[cd], 13
265	Ord. Time, Week 18, Thurs	2	Jer 31:31-34
266	Ord. Time, Week 12, Sat	2	Lam 2:2, 10-14, 18-19
267	Ord. Time, Week 26, Fri	1	Bar 1:15-22
268	Ord. Time, Week 26, Sat	1	Bar 4:5-12, 27-29
269	Ord. Time, Week 19, Mon	2	Ezek 1:2-5, 24-28c
270	Ord. Time, Week 19, Tues	2	Ezek 2:8—3:4
271	Ord. Time, Week 19, Wed	2	Ezek 9:1-7; 10:18-22
272	Ord. Time, Week 19, Thurs	2	Ezek 12:1-12
273	Ord. Time, Week 19, Fri	2	Ezek 16:1-15, 60, 63 or 16:59-63
274	Ord. Time, Week 19, Sat	2	Ezek 18:1-10, 13b, 30-32
275	Lent, Week 1, Fri	1+2	Ezek 18:21-28
276	Ord. Time, Week 20, Mon	2	Ezek 24:15-23
277	Ord. Time, Week 20, Tues	2	Ezek 28:1-10
278	Ord. Time, Week 20, Wed	2	Ezek 34:1-11
279	Ord. Time, Week 20, Thurs	2	Ezek 36:23-28
280	Ord. Time, Week 20, Fri	2	Ezek 37:1-14
281	Lent, Week 5, Sat	1+2	Ezek 37:21-28
282	Ord. Time, Week 20, Sat	2	Ezek 43:1-7ab
283	Nov 9: Feast: Dedication of the Lateran Basilica in Rome	1+2	Ezek 47:1-2, 8-9, 12
284	Lent, Week 4, Tues	1+2	Ezek 47:1-9, 12
285	Ord. Time, Week 34, Mon	1	Dan 1:1-6, 8-20
286	Ord. Time, Week 34, Tues	1	Dan 2:31-45
287	Lent, Week 5, Wed	1+2	Dan 3:14-20, 91-92, 95
288	Lent, Week 3, Tues	1+2	Dan 3:25, 34-43
289	Lent, Week 5, Wed	1+2	Dan 3:52, 53, 54, 55, 56
290	Ord. Time, Week 16, Thurs	1	Dan 3:52, 53, 54, 55, 56
291	Ord. Time, Week 34, Mon	1	Dan 3:52, 53, 54, 55, 56
292	Ord. Time, Week 34, Tues	1	Dan 3:57, 58, 59, 60, 61
293	Ord. Time, Week 34, Wed	1	Dan 3:62, 63, 64, 65, 66, 67
294	Ord. Time, Week 34, Thurs	1	Dan 3:68, 69, 70, 71, 72, 73, 74
295	Ord. Time, Week 34, Fri	1	Dan 3:75, 76, 77, 78, 79, 80, 81
296	Ord. Time, Week 34, Sat	1	Dan 3:82, 83, 84, 85, 86, 87
297	Ord. Time, Week 34, Wed	1	Dan 5:1-6, 13-14, 16-17, 23-28
298	Ord. Time, Week 34, Thurs	1	Dan 6:12-28
299	Ord. Time, Week 34, Fri	1	Dan 7:2-14
300	Aug 6: Feast: Transfiguration of the Lord	1+2	Dan 7:9-10, 13-14
301	Sept 29: Sts. Michael, Gabriel, and Raphael, archangels (option 1)	1+2	Dan 7:9-10, 13-14
302	Ord. Time, Week 34, Sat	1	Dan 7:15-27
303	Lent, Week 2, Mon	1+2	Dan 9:4b-10
304	Lent, Week 5, Mon	1+2	Dan 13:1-9, 15-17, 19-30, 33-62 or 13:41c-62
305	Ord. Time, Week 14, Mon	2	Hos 2:16, 17c-18, 21-22
306	Lent, Week 3, Sat	1+2	Hos 6:1-6
307	Ord. Time, Week 14, Tues	2	Hos 8:4-7, 11-13
308	Ord. Time, Week 14, Wed	2	Hos 10:1-3, 7-8, 12
309	Ord. Time, Week 14, Thurs	2	Hos 11:1-4, 8e-9
310	Lent, Week 3, Fri	1+2	Hos 14:2-10
311	Ord. Time, Week 14, Fri	2	Hos 14:2-10
312	Ord. Time, Week 27, Fri	1	Joel 1:13-15; 2:1-2
313	Ash Wednesday (1st Reading)	1+2	Joel 2:12-18
314	Ord. Time, Week 27, Sat	1	Joel 4:12-21
315	Ord. Time, Week 13, Mon	2	Amos 2:6-10, 13-16
316	Ord. Time, Week 13, Tues	2	Amos 3:1-8; 4:11-12
317	Ord. Time, Week 13, Wed	2	Amos 5:14-15, 21-24
318	Ord. Time, Week 13, Thurs	2	Amos 7:10-17
319	Ord. Time, Week 13, Fri	2	Amos 8:4-6, 9-12
320	Ord. Time, Week 13, Sat	2	Amos 9:11-15
321	Ord. Time, Week 27, Mon	1	Jonah 1:1—2:2, 11
322	Lent, Week 1, Wed	1+2	Jonah 3:1-10
323	Ord. Time, Week 27, Tues	1	Jonah 3:1-10
324	Ord. Time, Week 27, Wed	1	Jonah 4:1-11
325	Ord. Time, Week 27, Mon	1	Jonah 2:3, 4, 5, 8
326	Ord. Time, Week 15, Sat	2	Micah 2:1-5
327	Sept 8: Nativity of the BVMary (option 1)	1+2	Micah 5:1-4a
328	Ord. Time, Week 16, Mon	2	Micah 6:1-4, 6-8
329	Lent, Week 4, opt. Mass	1+2	Micah 7:7-9
330	Lent, Week 2, Sat	1+2	Micah 7:14-15, 18-20
331	Ord. Time, Week 16, Tues	2	Micah 7:14-15, 18-20
332	Ord. Time, Week 18, Fri	2	Nahum 2:1, 3; 3:1-3, 6-7
333	Ord. Time, Week 18, Sat	2	Hab 1:12—2:4
334	Advent, Week 3, Tues	1+2	Zeph 3:1-2, 9-13
335	Advent, Dec. 21 (opt. 2)	1+2	Zeph 3:14-18a
336	May 31: Visitation of the BVMary (option 1)	1+2	Zeph 3:14-18a
337	Ord. Time, Week 25, Thurs	1	Haggai 1:1-8
338	Ord. Time, Week 25, Fri	1	Haggai 2:1-9
339	Ord. Time, Week 25, Sat	1	Zech 2:5-9, 14-15a
340	Dec 12: Our Lady of Guadalupe (option 1)	1+2	Zech 2:14-17
341	Ord. Time, Week 26, Mon	1	Zech 8:1-8
342	Ord. Time, Week 26, Tues	1	Zech 8:20-23
343	Feb 2: Feast: Presentation of the Lord	1+2	Mal 3:1-4
344	Advent, Dec. 23	1+2	Mal 3:1-4, 23-24
345	Ord. Time, Week 27, Thurs	1	Mal 3:13-20b
346	Sept 8: Nativity of the BVMary	1+2	Matt 1:1-16, 18-23 or 1:18-23
347	Advent, Dec. 17	1+2	Matt 1:1-17
348	March 19: Solemnity: St. Joseph, husband of the BVMary (option 1)	1+2	Matt 1:16, 18-21, 24a
349	Advent, Dec. 18	1+2	Matt 1:18-25
350	Dec 28: Holy Innocents, martyrs	1+2	Matt 2:13-18
351	Mon after Epiphany, or Jan. 7	1+2	Matt 4:12-17, 23-25
352	Nov 30: St. Andrew, Apostle	1+2	Matt 4:18-22
353	Nov 1: Solemnity: All Saints	1+2	Matt 5:1-12a
354	Ord. Time, Week 10, Mon	1+2	Matt 5:1-12
355	Ord. Time, Week 10, Tues	1+2	Matt 5:13-16
356	Lent, Week 3, Wed	1+2	Matt 5:17-19
357	Ord. Time, Week 10, Wed	1+2	Matt 5:17-19
358	Lent, Week 1, Fri	1+2	Matt 5:20-26
359	Ord. Time, Week 10, Thurs	1+2	Matt 5:20-26
360	Ord. Time, Week 10, Fri	1+2	Matt 5:27-32
361	Ord. Time, Week 10, Sat	1+2	Matt 5:33-37
362	Ord. Time, Week 11, Mon	1+2	Matt 5:38-42
363	Lent, Week 1, Sat	1+2	Matt 5:43-48
364	Ord. Time, Week 11, Tues	1+2	Matt 5:43-48
365	Ash Wednesday	1+2	Matt 6:1-6, 16-18
366	Ord. Time, Week 11, Wed	1+2	Matt 6:1-6, 16-18
367	Ord. Time, Week 11, Fri	1+2	Matt 6:19-23
368	Ord. Time, Week 11, Sat	1+2	Matt 6:24-34
369	Lent, Week 1, Tues	1+2	Matt 6:7-15
370	Ord. Time, Week 11, Thurs	1+2	Matt 6:7-15
371	Ord. Time, Week 12, Mon	1+2	Matt 7:1-5
372	Ord. Time, Week 12, Tues	1+2	Matt 7:6, 12-14
373	Lent, Week 1, Thurs	1+2	Matt 7:7-12
374	Ord. Time, Week 12, Wed	1+2	Matt 7:15-20
375	Advent, Week 1, Thurs	1+2	Matt 7:21, 24-27
376	Ord. Time, Week 12, Thurs	1+2	Matt 7:21-29
377	Ord. Time, Week 12, Fri	1+2	Matt 8:1-4
378	Advent, Week 1, Mon	1+2	Matt 8:5-11
379	Ord. Time, Week 12, Sat	1+2	Matt 8:5-17
380	Ord. Time, Week 13, Mon	1+2	Matt 8:18-22
381	Ord. Time, Week 13, Tues	1+2	Matt 8:23-27
382	Ord. Time, Week 13, Wed	1+2	Matt 8:28-34
383	Ord. Time, Week 13, Thurs	1+2	Matt 9:1-8
384	Ord. Time, Week 13, Fri	1+2	Matt 9:9-13
385	Sept 21: St. Matthew, Apostle and Evangelist	1+2	Matt 9:9-13
386	Friday after Ash Wed.	1+2	Matt 9:14-15
387	Ord. Time, Week 13, Sat	1+2	Matt 9:14-17
388	Ord. Time, Week 14, Mon	1+2	Matt 9:18-26
389	Advent, Week 1, Fri	1+2	Matt 9:27-31
390	Ord. Time, Week 14, Tues	1+2	Matt 9:32-38
391	Advent, Week 1, Sat	1+2	Matt 9:35—10:1, 5a, 6-8
392	Ord. Time, Week 14, Wed	1+2	Matt 10:1-7
393	June 11: St. Barnabas, Apostle	1+2	Matt 10:7-13
394	Ord. Time, Week 14, Thurs	1+2	Matt 10:7-15
395	Ord. Time, Week 14, Fri	1+2	Matt 10:16-23
396	Dec 26: St. Stephen, the first martyr	1+2	Matt 10:17-22
397	Ord. Time, Week 14, Sat	1+2	Matt 10:24-33
398	Ord. Time, Week 15, Mon	1+2	Matt 10:34—11:1
399	Advent, Week 2, Thurs	1+2	Matt 11:11-15
400	Advent, Week 2, Fri	1+2	Matt 11:16-19
401	Ord. Time, Week 15, Tues	1+2	Matt 11:20-24
402	Ord. Time, Week 15, Wed	1+2	Matt 11:25-27
403	Advent, Week 2, Wed	1+2	Matt 11:28-30
404	Ord. Time, Week 15, Thurs	1+2	Matt 11:28-30
405	Ord. Time, Week 15, Fri	1+2	Matt 12:1-8
406	Ord. Time, Week 15, Sat	1+2	Matt 12:14-21
407	Ord. Time, Week 16, Mon	1+2	Matt 12:38-42
408	Ord. Time, Week 16, Tues	1+2	Matt 12:46-50
409	Ord. Time, Week 16, Wed	1+2	Matt 13:1-9
410	Ord. Time, Week 16, Thurs	1+2	Matt 13:10-17
411	July 26: Sts. Joachim and Anne, parents of BVMary	1+2	Matt 13:16-17
412	Ord. Time, Week 16, Fri	1+2	Matt 13:18-23
413	Ord. Time, Week 16, Sat	1+2	Matt 13:24-30
414	Ord. Time, Week 17, Mon	1+2	Matt 13:31-35
415	Ord. Time, Week 17, Tues	1+2	Matt 13:36-43
416	Ord. Time, Week 17, Wed	1+2	Matt 13:44-46
417	Ord. Time, Week 17, Thurs	1+2	Matt 13:47-53
418	Ord. Time, Week 17, Fri	1+2	Matt 13:54-58
419	May 1: St. Joseph the Worker (Proper Gospel only)	1+2	Matt 13:54-58
420	Ord. Time, Week 17, Sat	1+2	Matt 14:1-12
421	Ord. Time, Week 18, Mon	1+2	Matt 14:13-21
422	Nov 18: Dedication of the Basilicas of Sts. Peter and Paul	1+2	Matt 14:22-33
423	Ord. Time, Week 18, Tues	1+2	Matt 14:22-36
424	Ord. Time, Week 18, Mon (Year A)	1+2	Matt 14:22-36
425	Ord. Time, Week 18, Tues (Year A)	1+2	Matt 15:1-2, 10-14
426	Ord. Time, Week 18, Wed	1+2	Matt 15:21-28
427	Advent, Week 1, Wed	1+2	Matt 15:29-37
428	Feb 22: Chair of St. Peter, Apostle	1+2	Matt 16:13-19
429	June 29: Solemnity: Sts. Peter and Paul, Day	1+2	Matt 16:13-19
430	Ord. Time, Week 18, Thurs	1+2	Matt 16:13-23
431	Ord. Time, Week 18, Fri	1+2	Matt 16:24-28
432	Aug 6: Feast: Transfiguration of the Lord (Year A)	1+2	Matt 17:1-9
433	Advent, Week 2, Sat	1+2	Matt 17:9a, 10-13
434	Ord. Time, Week 18, Sat	1+2	Matt 17:14-20
435	Ord. Time, Week 19, Mon	1+2	Matt 17:22-27
436	Oct 2: Holy Guardian Angels	1+2	Matt 18:1-5, 10
437	Ord. Time, Week 19, Tues	1+2	Matt 18:1-5, 10, 12-14
438	Advent, Week 2, Tues	1+2	Matt 18:12-14
439	Ord. Time, Week 19, Wed	1+2	Matt 18:15-20
440	Lent, Week 3, Tues	1+2	Matt 18:21-35
441	Ord. Time, Week 19, Thurs	1+2	Matt 18:21—19:1
442	Ord. Time, Week 19, Fri	1+2	Matt 19:3-12
443	Ord. Time, Week 19, Sat	1+2	Matt 19:13-15
444	Ord. Time, Week 20, Mon	1+2	Matt 19:16-22
445	Ord. Time, Week 20, Tues	1+2	Matt 19:23-30
446	Ord. Time, Week 20, Wed	1+2	Matt 20:1-16
447	Lent, Week 2, Wed	1+2	Matt 20:17-28
448	July 25: St. James, Apostle	1+2	Matt 20:20-28
449	Advent, Week 3, Mon	1+2	Matt 21:23-27
450	Advent, Week 3, Tues	1+2	Matt 21:28-32
451	Lent, Week 2, Fri	1+2	Matt 21:33-43, 45-46
452	Ord. Time, Week 20, Thurs	1+2	Matt 22:1-14
453	Ord. Time, Week 20, Fri	1+2	Matt 22:34-40
454	Lent, Week 2, Tues	1+2	Matt 23:1-12
455	Ord. Time, Week 20, Sat	1+2	Matt 23:1-12
456	Ord. Time, Week 21, Mon	1+2	Matt 23:13-22
457	Ord. Time, Week 21, Tues	1+2	Matt 23:23-26
458	Ord. Time, Week 21, Wed	1+2	Matt 23:27-32
459	Ord. Time, Week 21, Thurs	1+2	Matt 24:42-51
460	Ord. Time, Week 21, Fri	1+2	Matt 25:1-13
461	Ord. Time, Week 21, Sat	1+2	Matt 25:14-30
462	Lent, Week 1, Mon	1+2	Matt 25:31-46
463	Holy Week, Wed	1+2	Matt 26:14-25
464	Easter Octave, Mon	1+2	Matt 28:8-15
465	Christmas Weekday: Jan. 6 (if Epiphany is Jan. 7 or 8)	1+2	Mark 1:7-11
466	Ord. Time, Week 1, Mon	1+2	Mark 1:14-20
467	Ord. Time, Week 1, Tues	1+2	Mark 1:21-28
468	Ord. Time, Week 1, Wed	1+2	Mark 1:29-39
469	Ord. Time, Week 1, Thurs	1+2	Mark 1:40-45
470	Ord. Time, Week 1, Fri	1+2	Mark 2:1-12
471	Ord. Time, Week 1, Sat	1+2	Mark 2:13-17
472	Ord. Time, Week 2, Mon	1+2	Mark 2:18-22
473	Ord. Time, Week 2, Tues	1+2	Mark 2:23-28
474	Ord. Time, Week 2, Wed	1+2	Mark 3:1-6
475	Ord. Time, Week 2, Thurs	1+2	Mark 3:7-12
476	Ord. Time, Week 2, Fri	1+2	Mark 3:13-19
477	Ord. Time, Week 2, Sat	1+2	Mark 3:20-21
478	Ord. Time, Week 3, Mon	1+2	Mark 3:22-30
479	Ord. Time, Week 3, Tues	1+2	Mark 3:31-35
480	Ord. Time, Week 3, Wed	1+2	Mark 4:1-20
481	Ord. Time, Week 3, Thurs	1+2	Mark 4:21-25
482	Ord. Time, Week 3, Fri	1+2	Mark 4:26-34
483	Ord. Time, Week 3, Sat	1+2	Mark 4:35-41
484	Ord. Time, Week 4, Mon	1+2	Mark 5:1-20
485	Ord. Time, Week 4, Tues	1+2	Mark 5:21-43
486	Ord. Time, Week 4, Wed	1+2	Mark 6:1-6
487	Ord. Time, Week 4, Thurs	1+2	Mark 6:7-13
488	Ord. Time, Week 4, Fri	1+2	Mark 6:14-29
489	Aug 29: Martyrdom of St. John the Baptist	1+2	Mark 6:17-29
490	Ord. Time, Week 4, Sat	1+2	Mark 6:30-34
491	Tues after Epiphany, or Jan. 8	1+2	Mark 6:34-44
492	Wed after Epiphany, or Jan. 9	1+2	Mark 6:45-52
493	Ord. Time, Week 5, Mon	1+2	Mark 6:53-56
494	Ord. Time, Week 5, Tues	1+2	Mark 7:1-13
495	Ord. Time, Week 5, Wed	1+2	Mark 7:14-23
496	Ord. Time, Week 5, Thurs	1+2	Mark 7:24-30
497	Ord. Time, Week 5, Fri	1+2	Mark 7:31-37
498	Ord. Time, Week 5, Sat	1+2	Mark 8:1-10
499	Ord. Time, Week 6, Mon	1+2	Mark 8:11-13
500	Ord. Time, Week 6, Tues	1+2	Mark 8:14-21
501	Ord. Time, Week 6, Wed	1+2	Mark 8:22-26
502	Ord. Time, Week 6, Thurs	1+2	Mark 8:27-33
503	Ord. Time, Week 6, Fri	1+2	Mark 8:34—9:1
504	Aug 6: Feast: Transfiguration of the Lord (Year B)	1+2	Mark 9:2-10
505	Ord. Time, Week 6, Sat	1+2	Mark 9:2-13
506	Ord. Time, Week 7, Mon	1+2	Mark 9:14-29
507	Ord. Time, Week 7, Tues	1+2	Mark 9:30-37
508	Ord. Time, Week 7, Wed	1+2	Mark 9:38-40
509	Ord. Time, Week 7, Thurs	1+2	Mark 9:41-50
510	Ord. Time, Week 7, Fri	1+2	Mark 10:1-12
511	Ord. Time, Week 7, Sat	1+2	Mark 10:13-16
512	Ord. Time, Week 8, Mon	1+2	Mark 10:17-27
513	Ord. Time, Week 8, Tues	1+2	Mark 10:28-31
514	Ord. Time, Week 8, Wed	1+2	Mark 10:32-45
515	Ord. Time, Week 8, Thurs	1+2	Mark 10:46-52
516	Ord. Time, Week 8, Fri	1+2	Mark 11:11-26
517	Ord. Time, Week 8, Sat	1+2	Mark 11:27-33
518	Ord. Time, Week 9, Mon	1+2	Mark 12:1-12
519	Ord. Time, Week 9, Tues	1+2	Mark 12:13-17
520	Ord. Time, Week 9, Wed	1+2	Mark 12:18-27
521	Lent, Week 3, Fri	1+2	Mark 12:28b-34
522	Ord. Time, Week 9, Thurs	1+2	Mark 12:28b-34
523	Ord. Time, Week 9, Fri	1+2	Mark 12:35-37
524	Ord. Time, Week 9, Sat	1+2	Mark 12:38-44
525	Easter Octave, Sat	1+2	Mark 16:9-15
526	Jan 25: Conversion of St. Paul, Apostle	1+2	Mark 16:15-18
527	April 25: St. Mark, Evangelist	1+2	Mark 16:15-20
528	June 24: Solemnity: Nativity of St. John the Baptist, Vigil	1+2	Luke 1:5-17
529	Advent, Dec. 19	1+2	Luke 1:5-25
530	Advent, Dec. 20	1+2	Luke 1:26-38
531	Dec 12: Our Lady of Guadalupe (option 1)	1+2	Luke 1:26-38
532	March 25: Solemnity: Annunciation of the Lord	1+2	Luke 1:26-38
533	Dec 8: Solemnity: Immaculate Conception of the BVMary	1+2	Luke 1:26-38
534	Advent, Dec. 21	1+2	Luke 1:39-45
535	Dec 12: Our Lady of Guadalupe (option 2)	1+2	Luke 1:39-47
536	May 31: Visitation of the BVMary	1+2	Luke 1:39-56
537	Aug 15: Solemnity: Assumption of the BVMary, Day	1+2	Luke 1:39-56
538	Ord. Time, Week 12, Sat	1	Luke 1:46-47, 48-49, 50+53, 54-55
539	Advent, Dec. 22	1+2	Luke 1:46-56
540	Advent, Dec. 23	1+2	Luke 1:57-66
541	June 24: Solemnity: Nativity of St. John the Baptist, Day	1+2	Luke 1:57-66, 80
542	Advent, Dec. 24 (morning Mass)	1+2	Luke 1:67-79
543	Ord. Time, Week 3, Sat	1	Luke 1:69-70, 71-72, 73-75
544	Ord. Time, Week 29, Mon	1	Luke 1:69-70, 71-72, 73-75
545	Ord. Time, Week 27, Thurs	2	Luke 1:69-70, 71-72, 73-75
546	Jan 3: Most Holy Name of Jesus	1+2	Luke 2:21-24
547	5th Day in Xmas Octave, Dec. 29	1+2	Luke 2:22-35
548	Feb 2: Feast: Presentation of the Lord	1+2	Luke 2:22-40 or 2:22-32
549	Sept 15: Our Lady of Sorrows (Proper Gospel only; option 2)	1+2	Luke 2:33-35
550	6th Day in Xmas Octave, Dec. 30	1+2	Luke 2:36-40
551	Sat >2nd Sun >Pentecost: Immaculate Heart of BVMary (Proper Gospel only)	1+2	Luke 2:41-51
552	March 19: Solemnity: St. Joseph, husband of the BVMary (Option 2)	1+2	Luke 2:41-51a
553	Christmas Weekday: Jan. 6 (opt., if Epiphany is Jan. 7 or 8)	1+2	Luke 3:23-38 or 3:23, 31-34, 36, 38
554	Thurs after Epiphany, or Jan. 10	1+2	Luke 4:14-22a
555	Holy Week, Chrism Mass	1+2	Luke 4:16-21
556	Ord. Time, Week 22, Mon	1+2	Luke 4:16-30
557	Lent, Week 3, Mon	1+2	Luke 4:24-30
558	Ord. Time, Week 22, Tues	1+2	Luke 4:31-37
559	Ord. Time, Week 22, Wed	1+2	Luke 4:38-44
560	Ord. Time, Week 22, Thurs	1+2	Luke 5:1-11
561	Fri after Epiphany, or Jan. 11	1+2	Luke 5:12-16
562	Advent, Week 2, Mon	1+2	Luke 5:17-26
563	Saturday after Ash Wed.	1+2	Luke 5:27-32
564	Ord. Time, Week 22, Fri	1+2	Luke 5:33-39
565	Ord. Time, Week 22, Sat	1+2	Luke 6:1-5
566	Ord. Time, Week 23, Mon	1+2	Luke 6:6-11
567	Ord. Time, Week 23, Tues	1+2	Luke 6:12-19
568	Oct 28: Sts. Simon and Jude, Apostles	1+2	Luke 6:12-19
569	Ord. Time, Week 23, Wed	1+2	Luke 6:20-26
570	Ord. Time, Week 23, Thurs	1+2	Luke 6:27-38
571	Lent, Week 2, Mon	1+2	Luke 6:36-38
572	Ord. Time, Week 23, Fri	1+2	Luke 6:39-42
573	Ord. Time, Week 23, Sat	1+2	Luke 6:43-49
574	Ord. Time, Week 24, Mon	1+2	Luke 7:1-10
575	Ord. Time, Week 24, Tues	1+2	Luke 7:11-17
576	Advent, Week 3, Wed	1+2	Luke 7:18b-23
577	Advent, Week 3, Thurs	1+2	Luke 7:24-30
578	Ord. Time, Week 24, Wed	1+2	Luke 7:31-35
579	Ord. Time, Week 24, Thurs	1+2	Luke 7:36-50
580	Ord. Time, Week 24, Fri	1+2	Luke 8:1-3
581	Ord. Time, Week 24, Sat	1+2	Luke 8:4-15
582	Ord. Time, Week 25, Mon	1+2	Luke 8:16-18
583	Ord. Time, Week 25, Tues	1+2	Luke 8:19-21
584	Ord. Time, Week 25, Wed	1+2	Luke 9:1-6
585	Ord. Time, Week 25, Thurs	1+2	Luke 9:7-9
586	Ord. Time, Week 25, Fri	1+2	Luke 9:18-22
587	Thursday after Ash Wed.	1+2	Luke 9:22-25
588	Aug 6: Feast: Transfiguration of the Lord (Year C)	1+2	Luke 9:28b-36
589	Ord. Time, Week 25, Sat	1+2	Luke 9:43b-45
590	Ord. Time, Week 26, Mon	1+2	Luke 9:46-50
591	Ord. Time, Week 26, Tues	1+2	Luke 9:51-56
592	Ord. Time, Week 26, Wed	1+2	Luke 9:57-62
593	Oct 18: St. Luke, Evangelist	1+2	Luke 10:1-9
594	Ord. Time, Week 26, Thurs	1+2	Luke 10:1-12
595	Ord. Time, Week 26, Fri	1+2	Luke 10:13-16
596	Ord. Time, Week 26, Sat	1+2	Luke 10:17-24
597	Advent, Week 1, Tues	1+2	Luke 10:21-24
598	Ord. Time, Week 27, Mon	1+2	Luke 10:25-37
599	Ord. Time, Week 27, Tues	1+2	Luke 10:38-42
600	July 29: St. Martha (Proper Gospel only; option 2)	1+2	Luke 10:38-42
601	Ord. Time, Week 27, Wed	1+2	Luke 11:1-4
602	Ord. Time, Week 27, Thurs	1+2	Luke 11:5-13
603	Lent, Week 3, Thurs	1+2	Luke 11:14-23
604	Ord. Time, Week 27, Fri	1+2	Luke 11:15-26
605	Ord. Time, Week 27, Sat	1+2	Luke 11:27-28
606	Aug 15: Solemnity: Assumption of the BVMary, Vigil	1+2	Luke 11:27-28
607	Lent, Week 1, Wed	1+2	Luke 11:29-32
608	Ord. Time, Week 28, Mon	1+2	Luke 11:29-32
609	Ord. Time, Week 28, Tues	1+2	Luke 11:37-41
610	Ord. Time, Week 28, Wed	1+2	Luke 11:42-46
611	Ord. Time, Week 28, Thurs	1+2	Luke 11:47-54
612	Ord. Time, Week 28, Fri	1+2	Luke 12:1-7
613	Ord. Time, Week 28, Sat	1+2	Luke 12:8-12
614	Ord. Time, Week 29, Mon	1+2	Luke 12:13-21
615	Ord. Time, Week 29, Tues	1+2	Luke 12:35-38
616	Ord. Time, Week 29, Wed	1+2	Luke 12:39-48
617	Ord. Time, Week 29, Thurs	1+2	Luke 12:49-53
618	Ord. Time, Week 29, Fri	1+2	Luke 12:54-59
619	Ord. Time, Week 29, Sat	1+2	Luke 13:1-9
620	Ord. Time, Week 30, Mon	1+2	Luke 13:10-17
621	Ord. Time, Week 30, Tues	1+2	Luke 13:18-21
622	Ord. Time, Week 30, Wed	1+2	Luke 13:22-30
623	Ord. Time, Week 30, Thurs	1+2	Luke 13:31-35
624	Ord. Time, Week 30, Fri	1+2	Luke 14:1-6
625	Ord. Time, Week 30, Sat	1+2	Luke 14:1, 7-11
626	Ord. Time, Week 31, Mon	1+2	Luke 14:12-14
627	Ord. Time, Week 31, Tues	1+2	Luke 14:15-24
628	Ord. Time, Week 31, Wed	1+2	Luke 14:25-33
629	Ord. Time, Week 31, Thurs	1+2	Luke 15:1-10
630	Lent, Week 2, Sat	1+2	Luke 15:1-3, 11-32
631	Ord. Time, Week 31, Fri	1+2	Luke 16:1-8
632	Lent, Week 2, Thurs	1+2	Luke 16:19-31
633	Ord. Time, Week 31, Sat	1+2	Luke 16:9-15
634	Ord. Time, Week 32, Mon	1+2	Luke 17:1-6
635	Ord. Time, Week 32, Tues	1+2	Luke 17:7-10
636	Ord. Time, Week 32, Wed	1+2	Luke 17:11-19
637	Ord. Time, Week 32, Thurs	1+2	Luke 17:20-25
638	Ord. Time, Week 32, Fri	1+2	Luke 17:26-37
639	Ord. Time, Week 32, Sat	1+2	Luke 18:1-8
640	Lent, Week 3, Sat	1+2	Luke 18:9-14
641	Ord. Time, Week 33, Mon	1+2	Luke 18:35-43
642	Ord. Time, Week 33, Tues	1+2	Luke 19:1-10
643	Ord. Time, Week 33, Wed	1+2	Luke 19:11-28
644	Ord. Time, Week 33, Thurs	1+2	Luke 19:41-44
645	Ord. Time, Week 33, Fri	1+2	Luke 19:45-48
646	Ord. Time, Week 33, Sat	1+2	Luke 20:27-40
647	Ord. Time, Week 34, Mon	1+2	Luke 21:1-4
648	Ord. Time, Week 34, Tues	1+2	Luke 21:5-11
649	Ord. Time, Week 34, Wed	1+2	Luke 21:12-19
650	Ord. Time, Week 34, Thurs	1+2	Luke 21:20-28
651	Ord. Time, Week 34, Fri	1+2	Luke 21:29-33
652	Ord. Time, Week 34, Sat	1+2	Luke 21:34-36
653	Easter Octave, Wed	1+2	Luke 24:13-35
654	Easter Octave, Thurs	1+2	Luke 24:35-48
655	7th Day in Xmas Octave, Dec. 31	1+2	John 1:1-18
656	Christmas Weekday: Jan. 2	1+2	John 1:19-28
657	Christmas Weekday: Jan. 3	1+2	John 1:29-34
658	Christmas Weekday: Jan. 4	1+2	John 1:35-42
659	Christmas Weekday: Jan. 5	1+2	John 1:43-51
660	Aug 24: St. Bartholomew, Apostle	1+2	John 1:45-51
661	Sept 29: Sts. Michael, Gabriel, and Raphael, archangels	1+2	John 1:47-51
662	Christmas Weekday: Jan. 7 (if Epiphany is Jan. 8)	1+2	John 2:1-11
663	Nov 9: Feast: Dedication of the Lateran Basilica in Rome	1+2	John 2:13-22
664	Easter, Week 2, Mon	1+2	John 3:1-8
665	Easter, Week 2, Tues	1+2	John 3:7b-15
666	Sept 14: Feast: Exaltation of the Holy Cross	1+2	John 3:13-17
667	Easter, Week 2, Wed	1+2	John 3:16-21
668	Sat after Epiphany, or Jan. 12	1+2	John 3:22-30
669	Easter, Week 2, Thurs	1+2	John 3:31-36
670	Lent, Week 3, opt. Mass	1+2	John 4:5-42
671	Lent, Week 4, Mon	1+2	John 4:43-54
672	Lent, Week 4, Tues	1+2	John 5:1-3a, 5-16
673	Lent, Week 4, Wed	1+2	John 5:17-30
674	Lent, Week 4, Thurs	1+2	John 5:31-47
675	Advent, Week 3, Fri	1+2	John 5:33-36
676	Easter, Week 2, Fri	1+2	John 6:1-15
677	Easter, Week 2, Sat	1+2	John 6:16-21
678	Easter, Week 3, Mon	1+2	John 6:22-29
679	Easter, Week 3, Tues	1+2	John 6:30-35
680	Easter, Week 3, Wed	1+2	John 6:35-40
681	Easter, Week 3, Thurs	1+2	John 6:44-51
682	Easter, Week 3, Fri	1+2	John 6:52-59
683	Easter, Week 3, Sat	1+2	John 6:60-69
684	Lent, Week 4, Fri	1+2	John 7:1-2, 10, 25-30
685	Lent, Week 4, Sat	1+2	John 7:40-53
686	Lent, Week 5, Mon	1+2	John 8:1-11
687	Lent, Week 5, Mon (Year C)	1+2	John 8:12-20
688	Lent, Week 5, Tues	1+2	John 8:21-30
689	Lent, Week 5, Wed	1+2	John 8:31-42
690	Lent, Week 5, Thurs	1+2	John 8:51-59
691	Lent, Week 4, opt. Mass	1+2	John 9:1-41
692	Easter, Week 4, Mon	1+2	John 10:1-10
693	Easter, Week 4, Mon (Year A)	1+2	John 10:11-18
694	Easter, Week 4, Tues	1+2	John 10:22-30
695	Lent, Week 5, Fri	1+2	John 10:31-42
696	Lent, Week 5, opt. Mass	1+2	John 11:1-45
697	July 29: St. Martha (Proper Gospel only; option 1)	1+2	John 11:19-27
698	Lent, Week 5, Sat	1+2	John 11:45-56
699	Holy Week, Mon	1+2	John 12:1-11
700	Aug 10: St. Lawrence, deacon and martyr	1+2	John 12:24-26
701	Easter, Week 4, Wed	1+2	John 12:44-50
702	Easter, Week 4, Thurs	1+2	John 13:16-20
703	Holy Week, Tues	1+2	John 13:21-33, 36-38
704	Easter, Week 4, Fri	1+2	John 14:1-6
705	May 3: Sts. Philip and James, Apostles	1+2	John 14:6-14
706	Easter, Week 4, Sat	1+2	John 14:7-14
707	Easter, Week 5, Mon	1+2	John 14:21-26
708	Easter, Week 5, Tues	1+2	John 14:27-31a
709	Easter, Week 5, Wed	1+2	John 15:1-8
710	Easter, Week 5, Thurs	1+2	John 15:9-11
711	May 14: St. Matthias, Apostle	1+2	John 15:9-17
712	Easter, Week 5, Fri	1+2	John 15:12-17
713	Easter, Week 5, Sat	1+2	John 15:18-21
714	Easter, Week 6, Mon	1+2	John 15:26—16:4a
715	Easter, Week 6, Tues	1+2	John 16:5-11
716	Easter, Week 6, Wed	1+2	John 16:12-15
717	Easter, Week 6, Thurs	1+2	John 16:16-20
718	Easter, Week 6, Fri	1+2	John 16:20-23
719	Easter, Week 6, Sat	1+2	John 16:23b-28
720	Easter, Week 7, Mon	1+2	John 16:29-33
721	Easter, Week 7, Tues	1+2	John 17:1-11a
722	Easter, Week 7, Wed	1+2	John 17:11b-19
723	Easter, Week 7, Thurs	1+2	John 17:20-26
724	Sept 15: Our Lady of Sorrows (Proper Gospel only; option 1)	1+2	John 19:25-27
725	Mon after Pentecost: BVMary, Mother of the Church	1+2	John 19:25-34
726	Dec 27: St. John, Apostle and Evangelist	1+2	John 20:1a+2-8
727	July 22: St. Mary Magdalene (Proper Gospel only)	1+2	John 20:1-2, 11-18
728	Easter Octave, Tues	1+2	John 20:11-18
729	July 3: St. Thomas, Apostle	1+2	John 20:24-29
730	Easter Octave, Fri	1+2	John 21:1-14
731	Easter, Week 7, Fri	1+2	John 21:15-19
732	June 29: Solemnity: Sts. Peter and Paul, Vigil	1+2	John 21:15-19
733	Easter, Week 7, Sat morn.	1+2	John 21:20-25
734	Mon after Pentecost: BVMary, Mother of the Church (option 2)	1+2	Acts 1:12-14
735	May 14: St. Matthias, Apostle	1+2	Acts 1:15-17, 20-26
736	Easter Octave, Mon	1+2	Acts 2:14, 22-33
737	Easter Octave, Tues	1+2	Acts 2:36-41
738	Easter Octave, Wed	1+2	Acts 3:1-10
739	June 29: Solemnity: Sts. Peter and Paul, Vigil (1st reading)	1+2	Acts 3:1-10
740	Easter Octave, Thurs	1+2	Acts 3:11-26
741	Easter Octave, Fri	1+2	Acts 4:1-12
742	Easter Octave, Sat	1+2	Acts 4:13-21
743	Easter, Week 2, Mon	1+2	Acts 4:23-31
744	Easter, Week 2, Tues	1+2	Acts 4:32-37
745	Easter, Week 2, Wed	1+2	Acts 5:17-26
746	Easter, Week 2, Thurs	1+2	Acts 5:27-33
747	Easter, Week 2, Fri	1+2	Acts 5:34-42
748	Easter, Week 2, Sat	1+2	Acts 6:1-7
749	Dec 26: St. Stephen, the first martyr	1+2	Acts 6:8-10; 7:54-59
750	Easter, Week 3, Mon	1+2	Acts 6:8-15
751	Easter, Week 3, Tues	1+2	Acts 7:51—8:1a
752	Easter, Week 3, Wed	1+2	Acts 8:1b-8
753	Easter, Week 3, Thurs	1+2	Acts 8:26-40
754	Easter, Week 3, Fri	1+2	Acts 9:1-20
755	Jan 25: Conversion of St. Paul, Apostle (option 2)	1+2	Acts 9:1-22
756	Easter, Week 3, Sat	1+2	Acts 9:31-42
757	Easter, Week 4, Mon	1+2	Acts 11:1-18
758	Easter, Week 4, Tues	1+2	Acts 11:19-26
759	June 11: St. Barnabas, Apostle	1+2	Acts 11:21b-26; 13:1-3
760	June 29: Solemnity: Sts. Peter and Paul, Day (1st reading)	1+2	Acts 12:1-11
761	Easter, Week 4, Wed	1+2	Acts 12:24—13:5a
762	Easter, Week 4, Thurs	1+2	Acts 13:13-25
763	June 24: Solemnity: Nativity of St. John the Baptist, Day	1+2	Acts 13:22-26
764	Easter, Week 4, Fri	1+2	Acts 13:26-33
765	Easter, Week 4, Sat	1+2	Acts 13:44-52
766	Easter, Week 5, Mon	1+2	Acts 14:5-18
767	Easter, Week 5, Tues	1+2	Acts 14:19-28
768	Easter, Week 5, Wed	1+2	Acts 15:1-6
769	Easter, Week 5, Thurs	1+2	Acts 15:7-21
770	Easter, Week 5, Fri	1+2	Acts 15:22-31
771	Easter, Week 5, Sat	1+2	Acts 16:1-10
772	Easter, Week 6, Mon	1+2	Acts 16:11-15
773	Easter, Week 6, Tues	1+2	Acts 16:22-34
774	Easter, Week 6, Wed	1+2	Acts 17:15, 22—18:1
775	Easter, Week 6, Thurs	1+2	Acts 18:1-8
776	Easter, Week 6, Fri	1+2	Acts 18:9-18
777	Easter, Week 6, Sat	1+2	Acts 18:23-28
778	Easter, Week 7, Mon	1+2	Acts 19:1-8
779	Easter, Week 7, Tues	1+2	Acts 20:17-27
780	Easter, Week 7, Wed	1+2	Acts 20:28-38
781	Jan 25: Conversion of St. Paul, Apostle (option 1)	1+2	Acts 22:3-16
782	Easter, Week 7, Thurs	1+2	Acts 22:30; 23:6-11
783	Easter, Week 7, Fri	1+2	Acts 25:13b-21
784	Nov 18: Dedication of the Basilicas of Sts. Peter and Paul	1+2	Acts 28:11-16, 30-31
785	Easter, Week 7, Sat morn.	1+2	Acts 28:16-20, 30-31
786	Ord. Time, Week 28, Mon	1	Rom 1:1-7
787	Ord. Time, Week 28, Tues	1	Rom 1:16-25
788	Ord. Time, Week 28, Wed	1	Rom 2:1-11
789	Ord. Time, Week 28, Thurs	1	Rom 3:21-30
790	Ord. Time, Week 28, Fri	1	Rom 4:1-8
791	Ord. Time, Week 28, Sat	1	Rom 4:13, 16-18
792	March 19: Solemnity: St. Joseph, husband of the BVMary	1+2	Rom 4:13, 16-18, 22
793	Ord. Time, Week 29, Mon	1	Rom 4:20-25
794	Ord. Time, Week 29, Tues	1	Rom 5:12, 15b, 17-19, 20b-21
795	Ord. Time, Week 29, Wed	1	Rom 6:12-18
796	Ord. Time, Week 29, Thurs	1	Rom 6:19-23
797	Ord. Time, Week 29, Fri	1	Rom 7:18-25a
798	Ord. Time, Week 29, Sat	1	Rom 8:1-11
799	Ord. Time, Week 30, Mon	1	Rom 8:12-17
800	Ord. Time, Week 30, Tues	1	Rom 8:18-25
801	Ord. Time, Week 30, Wed	1	Rom 8:26-30
802	Sept 8: Nativity of the BVMary (option 2)	1+2	Rom 8:28-30
803	Ord. Time, Week 30, Thurs	1	Rom 8:31b-39
804	Ord. Time, Week 30, Fri	1	Rom 9:1-5
805	Nov 30: St. Andrew, Apostle	1+2	Rom 10:9-18
806	Ord. Time, Week 30, Sat	1	Rom 11:1-2a, 11-12, 25-29
807	Ord. Time, Week 31, Mon	1	Rom 11:29-36
808	Ord. Time, Week 31, Tues	1	Rom 12:5-16ab
809	May 31: Visitation of the BVMary (option 2)	1+2	Rom 12:9-16
810	Ord. Time, Week 31, Wed	1	Rom 13:8-10
811	Ord. Time, Week 31, Thurs	1	Rom 14:7-12
812	Ord. Time, Week 31, Fri	1	Rom 15:14-21
813	Ord. Time, Week 31, Sat	1	Rom 16:3-9, 16, 22-27
814	Ord. Time, Week 21, Thurs	2	1 Cor 1:1-9
815	Ord. Time, Week 21, Fri	2	1 Cor 1:17-25
816	Ord. Time, Week 21, Sat	2	1 Cor 1:26-31
817	Ord. Time, Week 22, Mon	2	1 Cor 2:1-5
818	Ord. Time, Week 22, Tues	2	1 Cor 2:10b-16
819	Ord. Time, Week 22, Wed	2	1 Cor 3:1-9
820	Nov 9: Feast: Dedication of the Lateran Basilica in Rome	1+2	1 Cor 3:9c-11, 16-17
821	Ord. Time, Week 22, Thurs	2	1 Cor 3:18-23
822	Ord. Time, Week 22, Fri	2	1 Cor 4:1-5
823	Ord. Time, Week 22, Sat	2	1 Cor 4:6b-15
824	Ord. Time, Week 23, Mon	2	1 Cor 5:1-8
825	Ord. Time, Week 23, Tues	2	1 Cor 6:1-11
826	Ord. Time, Week 23, Wed	2	1 Cor 7:25-31
827	Ord. Time, Week 23, Thurs	2	1 Cor 8:1b-7, 11-13
828	Ord. Time, Week 23, Fri	2	1 Cor 9:16-19, 22b-27
829	Ord. Time, Week 23, Sat	2	1 Cor 10:14-22
830	Ord. Time, Week 24, Mon	2	1 Cor 11:17-26, 33
831	Ord. Time, Week 24, Tues	2	1 Cor 12:12-14, 27-31a
832	Ord. Time, Week 24, Wed	2	1 Cor 12:31—13:13
833	May 3: Sts. Philip and James, Apostles	1+2	1 Cor 15:1-8
834	Ord. Time, Week 24, Thurs	2	1 Cor 15:1-11
835	Ord. Time, Week 24, Fri	2	1 Cor 15:12-20
836	Aug 15: Solemnity: Assumption of the BVMary, Day	1+2	1 Cor 15:20-27
837	Ord. Time, Week 24, Sat	2	1 Cor 15:35-37, 42-49
838	Aug 15: Solemnity: Assumption of the BVMary, Vigil	1+2	1 Cor 15:54b-57
839	Ord. Time, Week 10, Mon	1	2 Cor 1:1-7
840	Ord. Time, Week 10, Tues	1	2 Cor 1:18-22
841	Ord. Time, Week 10, Wed	1	2 Cor 3:4-11
842	Ord. Time, Week 10, Thurs	1	2 Cor 3:15—4:1, 3-6
843	Ord. Time, Week 10, Fri	1	2 Cor 4:7-15
844	July 25: St. James, Apostle	1+2	2 Cor 4:7-15
845	Ord. Time, Week 10, Sat	1	2 Cor 5:14-21
846	Ash Wednesday (2nd Reading)	1+2	2 Cor 5:20—6:2
847	Ord. Time, Week 11, Mon	1	2 Cor 6:1-10
848	Ord. Time, Week 11, Tues	1	2 Cor 8:1-9
849	Aug 10: St. Lawrence, Deacon and martyr	1+2	2 Cor 9:6-10
850	Ord. Time, Week 11, Wed	1	2 Cor 9:6-11
851	Ord. Time, Week 11, Thurs	1	2 Cor 11:1-11
852	Ord. Time, Week 11, Fri	1	2 Cor 11:18, 21-30
853	Ord. Time, Week 11, Sat	1	2 Cor 12:1-10
854	Ord. Time, Week 27, Mon	2	Gal 1:6-12
855	June 29: Solemnity: Sts. Peter and Paul, Vigil	1+2	Gal 1:11-20
856	Ord. Time, Week 27, Tues	2	Gal 1:13-24
857	Ord. Time, Week 27, Wed	2	Gal 2:1-2, 7-14
858	Ord. Time, Week 27, Thurs	2	Gal 3:1-5
859	Ord. Time, Week 27, Fri	2	Gal 3:7-14
860	Ord. Time, Week 27, Sat	2	Gal 3:22-29
861	Ord. Time, Week 28, Mon	2	Gal 4:22-24, 26-27, 31—5:1
862	Ord. Time, Week 28, Tues	2	Gal 5:1-6
863	Ord. Time, Week 28, Wed	2	Gal 5:18-25
864	Ord. Time, Week 28, Thurs	2	Eph 1:1-10
865	Dec 8: Solemnity: Immaculate Conception of the BVMary	1+2	Eph 1:3-6, 11-12
866	Ord. Time, Week 28, Fri	2	Eph 1:11-14
867	Ord. Time, Week 28, Sat	2	Eph 1:15-23
868	Ord. Time, Week 29, Mon	2	Eph 2:1-10
869	Ord. Time, Week 29, Tues	2	Eph 2:12-22
870	July 3: St. Thomas, Apostle	1+2	Eph 2:19-22
871	Oct 28: Sts. Simon and Jude, Apostles	1+2	Eph 2:19-22
872	Ord. Time, Week 29, Wed	2	Eph 3:2-12
873	Ord. Time, Week 29, Thurs	2	Eph 3:14-21
874	Ord. Time, Week 29, Fri	2	Eph 4:1-6
875	Sept 21: St. Matthew, Apostle and Evangelist	1+2	Eph 4:1-7, 11-13
876	Ord. Time, Week 29, Sat	2	Eph 4:7-16
877	Ord. Time, Week 30, Mon	2	Eph 4:32—5:8
878	Ord. Time, Week 30, Tues	2	Eph 5:21-33
879	Ord. Time, Week 30, Wed	2	Eph 6:1-9
880	Ord. Time, Week 30, Thurs	2	Eph 6:10-20
881	Ord. Time, Week 30, Fri	2	Phil 1:1-11
882	Ord. Time, Week 30, Sat	2	Phil 1:18b-26
883	Ord. Time, Week 31, Mon	2	Phil 2:1-4
884	Jan 3: Most Holy Name of Jesus	1+2	Phil 2:1-11
885	Ord. Time, Week 31, Tues	2	Phil 2:5-11
886	Sept 14: Feast: Exaltation of the Holy Cross	1+2	Phil 2:6-11
887	Ord. Time, Week 31, Wed	2	Phil 2:12-18
888	Ord. Time, Week 31, Thurs	2	Phil 3:3-8a
889	Ord. Time, Week 31, Fri	2	Phil 3:17—4:1
890	Ord. Time, Week 31, Sat	2	Phil 4:10-19
891	Ord. Time, Week 22, Wed	1	Col 1:1-8
892	Ord. Time, Week 22, Thurs	1	Col 1:9-14
893	Ord. Time, Week 22, Fri	1	Col 1:15-20
894	Ord. Time, Week 22, Sat	1	Col 1:21-23
895	Ord. Time, Week 23, Mon	1	Col 1:24—2:3
896	Ord. Time, Week 23, Tues	1	Col 2:6-15
897	Ord. Time, Week 23, Wed	1	Col 3:1-11
898	Ord. Time, Week 23, Thurs	1	Col 3:12-17
899	Ord. Time, Week 21, Mon	1	1 Thess 1:1-5, 8b-10
900	Ord. Time, Week 21, Tues	1	1 Thess 2:1-8
901	Ord. Time, Week 21, Wed	1	1 Thess 2:9-13
902	Ord. Time, Week 21, Thurs	1	1 Thess 3:7-13
903	Ord. Time, Week 21, Fri	1	1 Thess 4:1-8
904	Ord. Time, Week 21, Sat	1	1 Thess 4:9-11
905	Ord. Time, Week 22, Mon	1	1 Thess 4:13-18
906	Ord. Time, Week 22, Tues	1	1 Thess 5:1-6, 9-11
907	Ord. Time, Week 21, Mon	2	2 Thess 1:1-5, 11-12
908	Ord. Time, Week 21, Tues	2	2 Thess 2:1-3a, 14-17
909	Ord. Time, Week 21, Wed	2	2 Thess 3:6-10, 16-18
910	Ord. Time, Week 23, Fri	1	1 Tim 1:1-2, 12-14
911	Ord. Time, Week 23, Sat	1	1 Tim 1:15-17
912	Ord. Time, Week 24, Mon	1	1 Tim 2:1-8
913	Ord. Time, Week 24, Tues	1	1 Tim 3:1-13
914	Ord. Time, Week 24, Wed	1	1 Tim 3:14-16
915	Ord. Time, Week 24, Thurs	1	1 Tim 4:12-16
916	Ord. Time, Week 24, Fri	1	1 Tim 6:2c-12
917	Ord. Time, Week 24, Sat	1	1 Tim 6:13-16
918	Ord. Time, Week 9, Wed	2	2 Tim 1:1-3, 6-12
919	Jan 26: Sts. Timothy and Titus (Proper 1st Reading; option 1)	1+2	2 Tim 1:1-8
920	Ord. Time, Week 9, Thurs	2	2 Tim 2:8-15
921	Ord. Time, Week 9, Fri	2	2 Tim 3:10-17
922	Ord. Time, Week 9, Sat	2	2 Tim 4:1-8
923	June 29: Solemnity: Sts. Peter and Paul, Day	1+2	2 Tim 4:6-8, 17-18
924	Oct 18: St. Luke, Evangelist	1+2	2 Tim 4:10-17b
925	Jan 26: Sts. Timothy and Titus (Proper 1st Reading ; option 2)	1+2	Titus 1:1-5
926	Ord. Time, Week 32, Mon	2	Titus 1:1-9
927	Ord. Time, Week 32, Tues	2	Titus 2:1-8, 11-14
928	Ord. Time, Week 32, Wed	2	Titus 3:1-7
929	Ord. Time, Week 32, Thurs	2	Phlm 7-20
930	Ord. Time, Week 1, Mon	1	Heb 1:1-6
931	Ord. Time, Week 1, Tues	1	Heb 2:5-12
932	Ord. Time, Week 1, Wed	1	Heb 2:14-18
933	Feb 2: Feast: Presentation of the Lord	1+2	Heb 2:14-18
934	Ord. Time, Week 1, Thurs	1	Heb 3:7-14
935	Ord. Time, Week 1, Fri	1	Heb 4:1-5, 11
936	Ord. Time, Week 1, Sat	1	Heb 4:12-16
937	Ord. Time, Week 2, Mon	1	Heb 5:1-10
938	Ord. Time, Week 2, Tues	1	Heb 6:10-20
939	Ord. Time, Week 2, Wed	1	Heb 7:1-3, 15-17
940	Ord. Time, Week 2, Thurs	1	Heb 7:25—8:6
941	Ord. Time, Week 2, Fri	1	Heb 8:6-13
942	Ord. Time, Week 2, Sat	1	Heb 9:2-3, 11-14
943	Ord. Time, Week 3, Mon	1	Heb 9:15, 24-28
944	Ord. Time, Week 3, Tues	1	Heb 10:1-10
945	March 25: Solemnity: Annunciation of the Lord	1+2	Heb 10:4-10
946	Ord. Time, Week 3, Wed	1	Heb 10:11-18
947	Ord. Time, Week 3, Thurs	1	Heb 10:19-25
948	Ord. Time, Week 3, Fri	1	Heb 10:32-39
949	Ord. Time, Week 3, Sat	1	Heb 11:1-2, 8-19
950	Ord. Time, Week 4, Mon	1	Heb 11:32-40
951	Ord. Time, Week 4, Tues	1	Heb 12:1-4
952	Ord. Time, Week 4, Wed	1	Heb 12:4-7, 11-15
953	Ord. Time, Week 4, Thurs	1	Heb 12:18-19, 21-24
954	Ord. Time, Week 4, Fri	1	Heb 13:1-8
955	Ord. Time, Week 4, Sat	1	Heb 13:15-17, 20-21
956	Ord. Time, Week 6, Sat	1	Heb 11:1-7
957	Ord. Time, Week 6, Mon	2	Jas 1:1-11
958	Ord. Time, Week 6, Tues	2	Jas 1:12-18
959	Ord. Time, Week 6, Wed	2	Jas 1:19-27
960	Ord. Time, Week 6, Thurs	2	Jas 2:1-9
961	Ord. Time, Week 6, Fri	2	Jas 2:14-24, 26
962	Ord. Time, Week 6, Sat	2	Jas 3:1-10
963	Ord. Time, Week 7, Mon	2	Jas 3:13-18
964	Ord. Time, Week 7, Tues	2	Jas 4:1-10
965	Ord. Time, Week 7, Wed	2	Jas 4:13-17
966	Ord. Time, Week 7, Thurs	2	Jas 5:1-6
967	Ord. Time, Week 7, Fri	2	Jas 5:9-12
968	Ord. Time, Week 7, Sat	2	Jas 5:13-20
969	Ord. Time, Week 8, Mon	2	1 Pet 1:3-9
970	June 24: Solemnity: Nativity of St. John the Baptist, Vigil	1+2	1 Pet 1:8-12
971	Ord. Time, Week 8, Tues	2	1 Pet 1:10-16
972	Ord. Time, Week 8, Wed	2	1 Pet 1:18-25
973	Ord. Time, Week 8, Thurs	2	1 Pet 2:2-5, 9-12
974	Ord. Time, Week 8, Fri	2	1 Pet 4:7-13
975	Feb 22: Chair of St. Peter, Apostle	1+2	1 Pet 5:1-4
976	April 25: St. Mark, Evangelist	1+2	1 Pet 5:5b-14
977	Ord. Time, Week 9, Mon	2	2 Pet 1:2-7
978	Aug 6: Feast: Transfiguration of the Lord	1+2	2 Pet 1:16-19
979	Ord. Time, Week 9, Tues	2	2 Pet 3:12-15a, 17-18
980	Dec 27: St. John, Apostle and Evangelist	1+2	1 John 1:1-4
981	Dec 28: Holy Innocents, martyrs	1+2	1 John 1:5—2:2
982	5th Day in Xmas Octave, Dec. 29	1+2	1 John 2:3-11
983	6th Day in Xmas Octave, Dec. 30	1+2	1 John 2:12-17
984	7th Day in Xmas Octave, Dec. 31	1+2	1 John 2:18-21
985	Christmas Weekday: Jan. 2	1+2	1 John 2:22-28
986	Christmas Weekday: Jan. 3	1+2	1 John 2:29—3:6
987	Nov 1: Solemnity: All Saints	1+2	1 John 3:1-3
988	Christmas Weekday: Jan. 4	1+2	1 John 3:7-10
989	Christmas Weekday: Jan. 5	1+2	1 John 3:11-21
990	Christmas Weekday: Jan. 6 (if Epiphany is Jan. 7 or 8)	1+2	1 John 5:5-13
991	Christmas Weekday: Jan. 7 (if Epiphany is Jan. 8)	1+2	1 John 5:14-21
992	Mon after Epiphany, or Jan. 7	1+2	1 John 3:22—4:6
993	Tues after Epiphany, or Jan. 8	1+2	1 John 4:7-10
994	Wed after Epiphany, or Jan. 9	1+2	1 John 4:11-18
995	Thurs after Epiphany, or Jan. 10	1+2	1 John 4:19—5:4
996	Fri after Epiphany, or Jan. 11	1+2	1 John 5:5-13
997	Sat after Epiphany, or Jan. 12	1+2	1 John 5:14-21
998	Ord. Time, Week 32, Fri	2	2 John 4-9
999	Ord. Time, Week 32, Sat	2	3 John 5-8
1000	Ord. Time, Week 8, Sat	2	Jude 17, 20b-25
1001	Ord. Time, Week 33, Mon	2	Rev 1:1-4; 2:1-5
1002	Holy Week, Chrism Mass (2nd Reading)	1+2	Rev 1:5-8
1003	Ord. Time, Week 33, Tues	2	Rev 3:1-6, 14-22
1004	Ord. Time, Week 33, Wed	2	Rev 4:1-11
1005	Ord. Time, Week 33, Thurs	2	Rev 5:1-10
1006	Nov 1: Solemnity: All Saints (1st reading)	1+2	Rev 7:2-4, 9-14
1007	Ord. Time, Week 33, Fri	2	Rev 10:8-11
1008	Ord. Time, Week 33, Sat	2	Rev 11:4-12
1009	Aug 15: Solemnity: Assumption of the BVMary, Day (1st reading)	1+2	Rev 11:19a; 12:1-6a, 10ab
1010	Dec 12: Our Lady of Guadalupe (option 2)	1+2	Rev 11:19a; 12:1-6a, 10ab
1011	Sept 29: Sts. Michael, Gabriel, and Raphael, archangels (option 2)	1+2	Rev 12:7-12a
1012	Ord. Time, Week 34, Mon	2	Rev 14:1-3, 4b-5
1013	Ord. Time, Week 34, Tues	2	Rev 14:14-19
1014	Ord. Time, Week 34, Wed	2	Rev 15:1-4
1015	Ord. Time, Week 34, Thurs	2	Rev 18:1-2, 21-23; 19:1-3, 9a
1016	Ord. Time, Week 34, Fri	2	Rev 20:1-4, 11—21:2
1017	Aug 24: St. Bartholomew, Apostle	1+2	Rev 21:9b-14
1018	Ord. Time, Week 34, Sat	2	Rev 22:1-7
1019	Advent, Week 2, Fri	1+2	Ps 1:1-2, 3, 4+6
1020	Thursday after Ash Wed.	1+2	Ps 1:1-2, 3, 4+6
1021	Lent, Week 2, Thurs	1+2	Ps 1:1-2, 3, 4+6
1022	Ord. Time, Week 7, Thurs	1	Ps 1:1-2, 3, 4+6
1023	Ord. Time, Week 27, Thurs	1	Ps 1:1-2, 3, 4+6
1024	Ord. Time, Week 28, Wed	2	Ps 1:1-2, 3, 4+6
1025	Ord. Time, Week 29, Thurs	1	Ps 1:1-2, 3, 4+6
1026	Ord. Time, Week 30, Mon	2	Ps 1:1-2, 3, 4+6
1027	Ord. Time, Week 33, Mon	2	Ps 1:1-2, 3, 4+6
1028	Easter, Week 2, Mon	1+2	Ps 2:1-3, 4-7a, 7b-9
1029	Easter, Week 4, Fri	1+2	Ps 2:6-7, 8-9, 10-11ab
1030	Mon after Epiphany, or Jan. 7	1+2	Ps 2:7bc-8, 10-12a
1031	Ord. Time, Week 4, Mon	2	Ps 3:2-3, 4-5, 6-7
1032	Ord. Time, Week 33, Tues	1	Ps 3:2-3, 4-5, 6-7
1033	Ord. Time, Week 10, Tues	2	Ps 4:2-3, 4-5, 7b-8
1034	Ord. Time, Week 11, Mon	2	Ps 5:2-3ab, 4b-6a, 6b-7
1035	Ord. Time, Week 13, Tues	2	Ps 5:4b-6a, 6b-7, 8
1036	Ord. Time, Week 23, Mon	2	Ps 5:5-6, 7, 12
1037	Lent, Week 4, Sat	1+2	Ps 7:2-3, 9bc-10, 11-12
1038	Ord. Time, Week 28, Sat	2	Ps 8:2-3ab, 4-5, 6-7
1039	Easter Octave, Thurs	1+2	Ps 8:2ab+5, 6-7, 8-9
1040	Ord. Time, Week 1, Tues	1	Ps 8:2ab+5, 6-7, 8-9
1041	Ord. Time, Week 5, Tues	1	Ps 8:4-5, 6-7, 8-9
1042	Jan 3: Most Holy Name of Jesus	1+2	Ps 8:4-5, 6-7, 8-9
1043	Ord. Time, Week 33, Sat	1	Ps 9:2-3, 4+6, 16+19
1044	Ord. Time, Week 27, Fri	1	Ps 9:2-3, 6+16, 8-9
1045	Ord. Time, Week 18, Sat	2	Ps 9:8-9, 10-11, 12-13
1046	Ord. Time, Week 15, Sat	2	Ps 10:1-2, 3-4, 7-8, 14
1047	Easter, Week 7, Sat morn.	1+2	Ps 11:4, 5+7
1048	Ord. Time, Week 6, Sat	2	Ps 12:2-3, 4-5, 7-8
1049	Ord. Time, Week 30, Wed	1	Ps 13:4-5, 6
1050	Sept 8: Nativity of the BVMary	1+2	Ps 13:6ab, 6c
1051	Ord. Time, Week 6, Wed	2	Ps 15:2-3a, 3bc-4ab, 5
1052	Ord. Time, Week 12, Tues	1	Ps 15:2-3a, 3bc-4ab, 5
1053	Ord. Time, Week 25, Mon	2	Ps 15:2-3a, 3bc-4ab, 5
1054	Ord. Time, Week 33, Tues	2	Ps 15:2-3a, 3bc-4ab, 5
1055	Ord. Time, Week 19, Sat	1	Ps 16:1-2a+5, 7-8, 11
1056	Easter Octave, Mon	1+2	Ps 16:1-2a+5, 7-8, 9-10, 11
1057	Easter, Week 7, Thurs	1+2	Ps 16:1-2a+5, 7-8, 9-10, 11
1058	Ord. Time, Week 10, Wed	2	Ps 16:1-2ab, 4, 5ab+8, 11
1059	Ord. Time, Week 23, Fri	1	Ps 16:1b-2a+5, 7-8, 11
1060	Ord. Time, Week 10, Sat	2	Ps 16:1b-2a+5, 7-8, 9-10
1061	Lent, Week 5, opt. Mass	1+2	Ps 17:1, 6-7, 8b+15
1062	Ord. Time, Week 14, Tues	1	Ps 17:1b, 2-3, 6-7ab, 8b+15
1063	Ord. Time, Week 26, Mon	2	Ps 17:1bcd, 2-3, 6-7
1064	Ord. Time, Week 33, Wed	1	Ps 17:1bcd, 5-6, 8b+15
1065	Ord. Time, Week 24, Fri	2	Ps 17:1bcd, 6-7, 8b+15
1066	Ord. Time, Week 18, Sat	1	Ps 18:2-3a, 3bc-4, 47+51
1067	Lent, Week 5, Fri	1+2	Ps 18:2-3a, 3bc-4, 5-6, 7
1068	Ord. Time, Week 4, Fri	2	Ps 18:31, 47+50, 51
1069	Ord. Time, Week 28, Tues	1	Ps 19:2-3, 4-5
1070	Ord. Time, Week 32, Fri	1	Ps 19:2-3, 4-5ab
1071	May 3: Sts. Philip and James, Apostles	1+2	Ps 19:2-3, 4-5
1072	Sept 21: St. Matthew, Apostle and Evangelist	1+2	Ps 19:2-3, 4-5
1073	Oct 28: Sts. Simon and Jude, Apostles	1+2	Ps 19:2-3, 4-5
1074	June 29: Solemnity: Sts. Peter and Paul, Vigil	1+2	Ps 19:2-3, 4-5
1075	Ord. Time, Week 8, Sat	1	Ps 19:8, 9, 10, 11
1076	Ord. Time, Week 13, Thurs	2	Ps 19:8, 9, 10, 11
1077	Ord. Time, Week 16, Fri	1	Ps 19:8, 9, 10, 11
1078	Ord. Time, Week 26, Thurs	1	Ps 19:8, 9, 10, 11
1079	Nov 30: St. Andrew, Apostle	1+2	Ps 19:8, 9, 10, 11
1080	Ord. Time, Week 1, Sat	1	Ps 19:8, 9, 10, 15
1081	Ord. Time, Week 7, Mon	2	Ps 19:8, 9, 10, 15
1082	Lent, Week 1, Mon	1+2	Ps 20:8, 9, 10, 15
1083	Ord. Time, Week 1, Sat	2	Ps 21:2-3, 4-5, 6-7
1084	Ord. Time, Week 20, Wed	1	Ps 21:2-3, 4-5, 6-7
1085	Ord. Time, Week 4, Tues	1	Ps 22:26b-27, 28+30, 31-32
1086	Ord. Time, Week 31, Tues	2	Ps 22:26b-27, 28-30ab, 30e, 31-32
1087	Advent, Week 1, Wed	1+2	Ps 23:1-3a, 3b-4, 5, 6
1088	Lent, Week 5, Mon	1+2	Ps 23:1-3a, 3b-4, 5, 6
1089	Ord. Time, Week 4, Sat	1	Ps 23:1-3a, 3b-4, 5, 6
1090	Ord. Time, Week 20, Wed	2	Ps 23:1-3a, 3b-4, 5, 6
1091	Ord. Time, Week 32, Wed	2	Ps 23:1b-3a, 3bc-4, 5, 6
1092	Feb 22: Chair of St. Peter, Apostle	1+2	Ps 23:1-3a, 4, 5, 6
1093	Advent, Dec. 20	1+2	Ps 24:1-2, 3-4ab, 5-6
1094	Ord. Time, Week 3, Thurs	1	Ps 24:1-2, 3-4ab, 5-6
1095	Ord. Time, Week 29, Fri	2	Ps 24:1-2, 3-4ab, 5-6
1096	Ord. Time, Week 29, Sat	1	Ps 24:1b-2, 3-4ab, 5-6
1097	Ord. Time, Week 32, Mon	2	Ps 24:1b-2, 3-4ab, 5-6
1098	Ord. Time, Week 22, Thurs	2	Ps 24:1bc-2, 3-4ab, 5-6
1099	Ord. Time, Week 34, Mon	2	Ps 24:1bc-2, 3-4ab, 5-6
1100	Nov 1: Solemnity: All Saints	1+2	Ps 24:1bc-2, 3-4ab, 5-6
1101	Ord. Time, Week 3, Tues	2	Ps 24:7, 8, 9, 10
1102	Feb 2: Feast: Presentation of the Lord	1+2	Ps 24:7, 8, 9, 10
1103	Ord. Time, Week 9, Wed	1	Ps 25:2-3, 4-5ab, 6+7bc, 8-9
1104	Advent, Week 3, Mon	1+2	Ps 25:4-5ab, 6+7bc, 8-9
1105	Lent, Week 3, Tues	1+2	Ps 25:4-5ab, 6+7bc, 8-9
1106	Advent, Dec. 23	1+2	Ps 25:4-5ab, 8-9, 10+14
1107	Ord. Time, Week 9, Thurs	2	Ps 25:4-5ab, 8-9, 10+14
1108	Lent, Week 4, opt. Mass	1+2	Ps 26:1, 7-8a, 8b-9abc, 13-14
1109	Ord. Time, Week 13, Tues	1	Ps 26:2-3, 9-10, 11-12
1110	Holy Week, Mon	1+2	Ps 27:1, 2, 3, 13-14
1111	Ord. Time, Week 4, Fri	1	Ps 27:1, 3, 5, 8b-9abc
1112	Advent, Week 1, Fri	1+2	Ps 27:1, 4, 13-14
1113	Easter, Week 2, Fri	1+2	Ps 27:1, 4, 13-14
1114	Ord. Time, Week 22, Tues	1	Ps 27:1, 4, 13-14
1115	Ord. Time, Week 31, Wed	2	Ps 27:1, 4, 13-14
1116	Ord. Time, Week 31, Thurs	1	Ps 27:1bcde, 4, 13-14
1117	Ord. Time, Week 10, Fri	2	Ps 27:7-8a, 8b-9abc, 13-14
1118	Ord. Time, Week 26, Thurs	2	Ps 27:7-8a, 8b-9abc, 13-14
1119	Ord. Time, Week 24, Mon	1	Ps 28:2, 7, 8-9
1120	Ord. Time, Week 6, Tues	1	Ps 29:1a+2, 3ac-4, 3b+9c-10
1121	Advent, Week 3, Thurs	1+2	Ps 30:2+4, 5-6, 11-12a+13b
1122	Lent, Week 4, Mon	1+2	Ps 30:2+4, 5-6, 11-12a+13b
1123	Easter, Week 3, Tues	1+2	Ps 31:3cd-4, 6+7b+8a, 17+21ab
1124	Dec 26: St. Stephen, the first martyr	1+2	Ps 31:3cd-4, 6+8ab, 16bc+17
1125	Lent, Week 2, Wed	1+2	Ps 31:5-6, 14, 15-16
1126	Ord. Time, Week 4, Mon	1	Ps 31:20, 21, 22, 23, 24
1127	Ord. Time, Week 11, Wed	2	Ps 31:20, 21, 24
1128	Ord. Time, Week 4, Wed	2	Ps 32:1-2, 5, 6, 7
1129	Ord. Time, Week 5, Fri	1	Ps 32:1-2, 5, 6, 7
1130	Ord. Time, Week 8, Mon	1	Ps 32:1-2, 5, 6, 7
1131	Ord. Time, Week 28, Fri	1	Ps 32:1b-2, 5, 11
1132	Ord. Time, Week 6, Fri	1	Ps 33:10-11, 12-13, 14-15
1133	Ord. Time, Week 21, Fri	2	Ps 33:1-2, 4-5, 10-11
1134	Ord. Time, Week 29, Thurs	2	Ps 33:1-2, 4-5, 11-12, 18-19
1135	Ord. Time, Week 28, Fri	2	Ps 33:1-2, 4-5, 12-13
1136	Easter, Week 2, Sat	1+2	Ps 33:1-2, 4-5, 18-19
1137	Ord. Time, Week 8, Thurs	1	Ps 33:2-3, 4-5, 6-7, 8-9
1138	Ord. Time, Week 24, Wed	2	Ps 33:2-3, 4-5, 12+22
1139	Ord. Time, Week 14, Wed	1	Ps 33:2-3, 10-11, 18-19
1140	Advent, Dec. 21	1+2	Ps 33:2-3, 11-12, 20-21
1141	Easter Octave, Tues	1+2	Ps 33:4-5, 18-19, 20+22
1142	Ord. Time, Week 22, Wed	2	Ps 33:12-13, 14-15, 20-21
1143	Ord. Time, Week 12, Mon	1	Ps 33:12-13, 18-19, 20+22
1144	Ord. Time, Week 21, Sat	2	Ps 33:12-13, 18-19, 20-21
1145	Ord. Time, Week 6, Thurs	2	Ps 34:2-3, 4-5, 6-7
1146	Ord. Time, Week 11, Fri	1	Ps 34:2-3, 4-5, 6-7
1147	Easter, Week 2, Wed	1+2	Ps 34:2-3, 4-5, 6-7, 8-9
1148	Ord. Time, Week 10, Mon	1	Ps 34:2-3, 4-5, 6-7, 8-9
1149	June 29: Solemnity: Sts. Peter and Paul, Day	1+2	Ps 34:2-3, 4-5, 6-7, 8-9
1150	Advent, Week 3, Tues	1+2	Ps 34:2-3, 6-7, 17-18, 19+23
1151	Ord. Time, Week 32, Tues	1	Ps 34:2-3, 16-17, 18-19
1152	Easter, Week 2, Thurs	1+2	Ps 34:2+9, 17-18, 19-20
1153	Lent, Week 1, Tues	1+2	Ps 34:4-5, 6-7, 16-17, 18-19
1154	Ord. Time, Week 13, Wed	1	Ps 34:7-8, 10-11, 12-13
1155	Ord. Time, Week 11, Sat	1	Ps 34:8-9, 10-11, 12-13
1156	Lent, Week 4, Fri	1+2	Ps 34:17-18, 19-20, 21+23
1157	Ord. Time, Week 16, Thurs	2	Ps 36:6-7ab, 8-9, 10-11
1158	Ord. Time, Week 3, Fri	1	Ps 37:3-4, 5-6, 23-24, 39-40
1159	Ord. Time, Week 22, Fri	2	Ps 37:3-4, 5-6, 27-28, 39-40
1160	Ord. Time, Week 7, Tues	1	Ps 37:3-4, 18-19, 27-28, 39-40
1161	Ord. Time, Week 14, Fri	1	Ps 37:3-4, 18-19, 27-28, 39-40
1162	Ord. Time, Week 32, Tues	2	Ps 37:3-4, 18+23, 27+29
1163	Ord. Time, Week 5, Wed	2	Ps 37:5-6, 30-31, 39-40
1164	Ord. Time, Week 3, Tues	1	Ps 40:2+4ab, 7-8a, 10, 11
1165	Ord. Time, Week 1, Wed	2	Ps 40:2+5, 7-8a, 8b-9, 10
1166	Ord. Time, Week 20, Thurs	1	Ps 40:5, 7-8a, 8b-9, 10
1167	March 25: Solemnity: Annunciation of the Lord	1+2	Ps 40:7-8a, 8b-9, 10, 11
1168	Ord. Time, Week 2, Thurs	1	Ps 40:7-8a, 8b-9, 10, 17
1169	Ord. Time, Week 24, Mon	2	Ps 40:7-8a, 8b-9, 10, 17
1170	Ord. Time, Week 29, Tues	1	Ps 40:7-8a, 8b-9, 10, 17
1171	Ord. Time, Week 30, Sat	2	Ps 42:2, 3, 5cdef
1172	Lent, Week 3, Mon	1+2	Ps 42:2, 3; 42:3, 4
1173	Easter, Week 4, Mon	1+2	Ps 42:2-3; 42:3, 4
1174	Ord. Time, Week 25, Fri	1	Ps 43:1, 2, 3, 4
1175	Ord. Time, Week 1, Thurs	2	Ps 44:10-11, 14-15, 24-25
1176	Aug 15: Solemnity: Assumption of the BVMary, Day	1+2	Ps 45:10, 11, 12, 16
1177	Ord. Time, Week 23, Wed	2	Ps 45:11-12, 14-15, 16-17
1178	Lent, Week 4, Tues	1+2	Ps 46:2-3, 5-6, 8-9
1179	Nov 9: Feast: Dedication of the Lateran Basilica in Rome	1+2	Ps 46:2-3, 5-6, 8-9
1180	Easter, Week 6, Fri	1+2	Ps 47:2-3, 4-5, 6-7
1181	Ord. Time, Week 2, Sat	1	Ps 47:2-3, 6-7, 8-9
1182	Easter, Week 6, Sat	1+2	Ps 47:2-3, 8-9, 10
1183	Ord. Time, Week 15, Tues	2	Ps 48:2-3a, 3b-4, 5-6, 7-8
1184	Ord. Time, Week 12, Tues	2	Ps 48:2-3ab, 3cd-4, 10-11
1185	Ord. Time, Week 4, Thurs	1	Ps 48:2-3ab, 3cd-4, 9, 10-11
1186	Ord. Time, Week 7, Wed	2	Ps 49:2-3, 6-7, 8-10, 11
1187	Ord. Time, Week 24, Fri	1	Ps 49:6-7, 8-10, 17-18, 19-20
1188	Ord. Time, Week 7, Thurs	2	Ps 49:14-15ab, 15cd-16, 17-18, 19-20
1189	Ord. Time, Week 6, Mon	1	Ps 50:1+8, 16bc-17, 20-21
1190	Ord. Time, Week 16, Sat	1	Ps 50:1b-2, 5-6, 14-15
1191	Ord. Time, Week 33, Thurs	1	Ps 50:1b-2, 5-6, 14-15
1192	Ord. Time, Week 8, Tues	1	Ps 50:5-6, 7-8, 14+23
1193	Ord. Time, Week 16, Mon	2	Ps 50:5-6, 8-9, 16bc-17, 21+23
1194	Ord. Time, Week 13, Wed	2	Ps 50:7, 8-9, 10-11, 12-13, 16bc-17
1195	Lent, Week 2, Tues	1+2	Ps 50:8-9, 16bc-17, 21+23
1196	Ord. Time, Week 2, Mon	2	Ps 50:8-9, 16bc-17, 21+23
1197	Ord. Time, Week 15, Mon	2	Ps 50:8-9, 16bc-17, 21+23
1198	Ord. Time, Week 13, Mon	2	Ps 50:16bc-17, 18-19, 20-21, 22-23
1199	Ord. Time, Week 3, Fri	2	Ps 51:3-4, 5-6a, 6bcd-7, 10-11
1200	Ord. Time, Week 18, Tues	1	Ps 51:3-4, 5-6ab, 6cd-7, 12-13
1201	Ord. Time, Week 11, Tues	2	Ps 51:3-4, 5-6ab, 11+16
1202	Ash Wednesday	1+2	Ps 51:3-4, 5-6ab, 12-13, 14+17
1203	Friday after Ash Wed.	1+2	Ps 51:3-4, 5-6ab, 18-19
1204	Ord. Time, Week 14, Fri	2	Ps 51:3-4, 8-9, 12-13, 14+17
1205	Lent, Week 1, Wed	1+2	Ps 51:3-4, 12-13, 18-19
1206	Lent, Week 3, Sat	1+2	Ps 51:3-4, 18-19, 20-21ab
1207	Ord. Time, Week 3, Sat	2	Ps 51:12-13, 14-15, 16-17
1208	Ord. Time, Week 18, Thurs	2	Ps 51:12-13, 14-15, 18-19
1209	Ord. Time, Week 19, Sat	2	Ps 51:12-13, 14-15, 18-19
1210	Ord. Time, Week 20, Thurs	2	Ps 51:12-13, 14-15, 18-19
1211	Ord. Time, Week 22, Wed	1	Ps 52:10, 11
1212	Ord. Time, Week 22, Sat	1	Ps 54:3-4, 6+8
1213	Ord. Time, Week 7, Tues	2	Ps 55:7-8, 9-10a, 10b-11a, 23
1214	Ord. Time, Week 2, Thurs	2	Ps 56:2-3, 9-10a, 10b-11, 12-13
1215	Ord. Time, Week 24, Sat	2	Ps 56:10c-12, 13-14
1216	Ord. Time, Week 2, Fri	2	Ps 57:2, 3-4, 6+11
1217	Easter, Week 5, Fri	1+2	Ps 57:8-9, 10+12
1218	Ord. Time, Week 17, Wed	2	Ps 59:2-3, 4, 10-11, 17, 18
1219	Ord. Time, Week 12, Mon	2	Ps 60:3, 4-5, 12-13
1220	Ord. Time, Week 28, Wed	1	Ps 62:2-3, 6-7, 9
1221	Ord. Time, Week 23, Mon	1	Ps 62:6-7, 9
1222	Ord. Time, Week 8, Sat	2	Ps 63:2, 3-4, 5-6
1223	Ord. Time, Week 10, Thurs	2	Ps 65:10, 11, 12-13
1224	Easter, Week 3, Wed	1+2	Ps 66:1-3a, 4-5, 6-7a
1225	Ord. Time, Week 19, Wed	1	Ps 66:1-3a, 5+8, 16-17
1226	Easter, Week 3, Thurs	1+2	Ps 66:8-9, 16-17, 20
1227	Easter, Week 4, Wed	1+2	Ps 67:2-3, 5, 6+8
1228	Advent, Week 3, Fri	1+2	Ps 67:2-3, 5, 7-8
1229	Ord. Time, Week 17, Sat	1	Ps 67:2-3, 5, 7-8
1230	Ord. Time, Week 30, Mon	1	Ps 68:2+4, 6-7ab, 20-21
1231	Easter, Week 7, Mon	1+2	Ps 68:2-3ab, 4-5acd, 6-7ab
1232	Easter, Week 7, Tues	1+2	Ps 68:10-11, 20-21
1233	Easter, Week 7, Wed	1+2	Ps 68:29-30, 33-35a, 35bc-36ab
1234	Ord. Time, Week 15, Tues	1	Ps 69:3, 14, 30-31, 33-34
1235	Ord. Time, Week 17, Fri	2	Ps 69:5, 8-10, 14
1236	Holy Week, Wed	1+2	Ps 69:8-10, 21-22, 31+33-34
1237	Ord. Time, Week 17, Sat	2	Ps 69:15-16, 30-31, 33-34
1238	Ord. Time, Week 31, Mon	1	Ps 69:30-31, 33-34, 36-37
1239	Ord. Time, Week 26, Sat	1	Ps 69:33-35, 36-37
1240	Holy Week, Tues	1+2	Ps 71:1-2, 3-4a, 5-6ab, 15+17
1241	Ord. Time, Week 16, Wed	2	Ps 71:1-2, 3-4a, 5-6ab, 15+17
1242	Aug 29: Martyrdom of St. John the Baptist	1+2	Ps 71:1-2, 3-4a, 5-6ab, 15ab+17
1243	June 24: Solemnity: Nativity of St. John the Baptist, Vigil	1+2	Ps 71:1-2, 3-4a, 5-6ab, 15ab+17
1244	Advent, Dec. 19	1+2	Ps 71:3-4a, 5-6ab, 16-17
1245	Ord. Time, Week 9, Sat	2	Ps 71:8-9, 14-15ab, 16-17, 22
1246	Tues after Epiphany, or Jan. 8	1+2	Ps 72:1-2, 3-4, 7-8
1247	Advent, Dec. 17	1+2	Ps 72:1-2, 3-4ab, 7-8, 17
1248	Advent, Week 1, Tues	1+2	Ps 72:1-2, 7-8, 12-13, 17
1249	Wed after Epiphany, or Jan. 9	1+2	Ps 72:1-2, 10, 12-13
1250	Advent, Dec. 18	1+2	Ps 72:1-2, 12-13, 18-19
1251	Thurs after Epiphany, or Jan. 10	1+2	Ps 72:1-2, 14+15bc, 17
1252	Ord. Time, Week 12, Sat	2	Ps 74:1b-2, 3-5, 6-7, 20-21
1253	Ord. Time, Week 18, Fri	1	Ps 77:12-13, 14-15, 16+21
1254	Sept 14: Feast: Exaltation of the Holy Cross	1+2	Ps 78:1bc-2, 34-35, 36-37, 38
1255	Ord. Time, Week 1, Fri	1	Ps 78:3+4bc, 6c-7, 8
1256	Lent, Week 2, Mon	1+2	Ps 78:8, 9, 11+13
1257	Ord. Time, Week 16, Wed	1	Ps 78:18-19, 23-24, 25-26, 27-28
1258	Ord. Time, Week 19, Thurs	2	Ps 78:56-57, 58-59, 61-62
1259	Ord. Time, Week 12, Thurs	2	Ps 79:1b-2, 3-5, 8, 9
1260	Ord. Time, Week 26, Fri	1	Ps 79:1b-2, 3-5, 8, 9
1261	Ord. Time, Week 8, Wed	1	Ps 79:8, 9, 11+13
1262	Ord. Time, Week 17, Tues	2	Ps 79:8, 9, 11+13
1263	Ord. Time, Week 2, Sat	2	Ps 80:2-3, 5-7
1264	Ord. Time, Week 14, Thurs	2	Ps 80:2ac+3b, 15-16
1265	Advent, Week 2, Sat	1+2	Ps 80:2ac+3b, 15-16, 18-19
1266	Ord. Time, Week 17, Fri	1	Ps 81:3-4, 5-6ab, 10-11ab
1267	Lent, Week 3, Fri	1+2	Ps 81:6c-8a, 8bc-9, 10-11ab, 14+17
1268	Ord. Time, Week 5, Fri	2	Ps 81:10-11ab, 12-13, 14-15
1269	Ord. Time, Week 18, Mon	1	Ps 81:12-13, 14-15, 16-17
1270	Ord. Time, Week 32, Wed	1	Ps 82:3-4, 6-7
1271	Ord. Time, Week 23, Fri	2	Ps 84:3, 4, 5-6, 12
1272	Ord. Time, Week 34, Fri	2	Ps 84:3, 4, 5-6a+8a
1273	Ord. Time, Week 16, Sat	2	Ps 84:3, 4, 5-6a+8a, 11
1274	Ord. Time, Week 17, Thurs	1	Ps 84:3, 4, 5-6a+8a, 11
1275	Ord. Time, Week 5, Tues	2	Ps 84:3, 4, 5+10, 11
1276	Ord. Time, Week 16, Tues	2	Ps 85:2-4, 5-6, 7-8
1277	Ord. Time, Week 2, Fri	1	Ps 85:8+10, 11-12, 13-14
1278	Ord. Time, Week 20, Tues	1	Ps 85:9, 11-12, 13-14
1279	Advent, Week 2, Mon	1+2	Ps 85:9ab+10, 11-12, 13-14
1280	Advent, Week 3, Wed	1+2	Ps 85:9ab+10, 11-12, 13-14
1281	Ord. Time, Week 10, Thurs	1	Ps 85:9ab+10, 11-12, 13-14
1282	Ord. Time, Week 13, Sat	2	Ps 85:9ab+10, 11-12, 13-14
1283	Ord. Time, Week 20, Sat	2	Ps 85:9ab+10, 11-12, 13-14
1284	Ord. Time, Week 29, Tues	2	Ps 85:9ab+10, 11-12, 13-14
1285	Saturday after Ash Wed.	1+2	Ps 86:1-2, 3-4, 5-6
1286	Ord. Time, Week 4, Tues	2	Ps 86:1-2, 3-4, 5-6
1287	Ord. Time, Week 27, Wed	1	Ps 86:3-4, 5-6, 9-10
1288	Mon after Pentecost: BVMary, Mother of the Church	1+2	Ps 87:1-2, 3+5, 6-7
1289	Easter, Week 4, Tues	1+2	Ps 87:1b-3, 4-5, 6-7
1290	Ord. Time, Week 26, Tues	1	Ps 87:1b-3, 4-5, 6-7
1291	Ord. Time, Week 26, Wed	2	Ps 88:10bc-11, 12-13, 14-15
1292	Ord. Time, Week 26, Tues	2	Ps 88:2-3, 4-5, 6, 7-8
1293	Advent, Dec. 24 (morning Mass)	1+2	Ps 89:2-3, 4-5, 27+29
1294	March 19: Solemnity: St. Joseph, Husband of the BVMary	1+2	Ps 89:2-3, 4-5, 27+29
1295	April 25: St. Mark, Evangelist	1+2	Ps 89:2-3, 6-7, 16-17
1296	Easter, Week 4, Thurs	1+2	Ps 89:2-3, 21-22, 25+27
1297	Ord. Time, Week 3, Wed	2	Ps 89:4-5, 27-28, 29-30
1298	Ord. Time, Week 11, Sat	2	Ps 89:4-5, 29-30, 31-32, 33-34
1299	Ord. Time, Week 1, Fri	2	Ps 89:16-17, 18-19
1300	Ord. Time, Week 3, Mon	2	Ps 89:20, 21-22, 25-26
1301	Ord. Time, Week 2, Tues	2	Ps 89:20, 21-22, 27-28
1302	Holy Week, Chrism Mass	1+2	Ps 89:21-22, 25+27
1303	Ord. Time, Week 9, Tues	2	Ps 90:2, 3-4, 10, 14+16
1304	Ord. Time, Week 5, Sat	1	Ps 90:2, 3-4abc, 5-6, 12-13
1305	Ord. Time, Week 25, Sat	2	Ps 90:3-4, 5-6, 12-13, 14+17
1306	Ord. Time, Week 25, Thurs	2	Ps 90:3-4, 5-6, 12-13, 14+17bc
1307	Ord. Time, Week 21, Thurs	1	Ps 90:3-4, 12-13, 14+17
1308	Oct 2: Holy Guardian Angels	1+2	Ps 91:1-2, 3-4ab, 4c-6, 10-11
1309	Ord. Time, Week 14, Mon	1	Ps 91:1-2, 3-4, 14-15ab
1310	Ord. Time, Week 9, Mon	2	Ps 91:1-2, 14-15ab, 15c-16
1311	Easter, Week 2, Tues	1+2	Ps 93:1ab, 1cd-2, 5
1312	Ord. Time, Week 7, Mon	1	Ps 93:1ab, 1cd-2, 5
1313	Ord. Time, Week 14, Sat	2	Ps 93:1ab, 1cd-2, 5
1314	Ord. Time, Week 15, Wed	2	Ps 94:5-6, 7-8, 9-10, 14-15
1315	Ord. Time, Week 30, Sat	1	Ps 94:12-13a, 14-15, 17-18
1316	Ord. Time, Week 6, Tues	2	Ps 94:12-13a, 14-15, 18-19
1317	Ord. Time, Week 34, Sat	2	Ps 95:1-2, 3-5, 6-7ab
1318	Lent, Week 3, Thurs	1+2	Ps 95:1-2, 6-7, 8-9
1319	Ord. Time, Week 18, Thurs	1	Ps 95:1-2, 6-7, 8-9
1320	Lent, Week 3, opt. Mass	1+2	Ps 95:1-2, 6-7ab, 7c-9
1321	Ord. Time, Week 1, Thurs	1	Ps 95:6-7c, 8-9, 10-11
1322	7th Day in Xmas Octave, Dec. 31	1+2	Ps 96:1-2, 11-12, 13
1323	Advent, Week 2, Tues	1+2	Ps 96:1-2, 3+10ac, 11-12, 13
1324	Easter, Week 5, Thurs	1+2	Ps 96:1-2a, 2b-3, 10
1325	Ord. Time, Week 21, Mon	2	Ps 96:1-2a, 2b-3, 4-5
1326	5th Day in Xmas Octave, Dec. 29	1+2	Ps 96:1-2a, 2b-3, 5b-6
1327	Ord. Time, Week 22, Mon	1	Ps 96:1+3, 4-5, 11-12, 13
1328	6th Day in Xmas Octave, Dec. 30	1+2	Ps 96:7-8a, 8b-9, 10
1329	Ord. Time, Week 8, Fri	2	Ps 96:10, 11-12, 13
1330	Ord. Time, Week 21, Tues	2	Ps 96:10, 11-12, 13
1331	Ord. Time, Week 34, Tues	2	Ps 96:10, 11-12, 13
1332	Ord. Time, Week 21, Fri	1	Ps 97:1+2b, 5-6, 10, 11-12
1333	Ord. Time, Week 1, Mon	1	Ps 97:1+2b, 6+7c, 9
1334	Ord. Time, Week 11, Thurs	2	Ps 97:1-2, 3-4, 5-6, 7
1335	Aug 6: Feast: Transfiguration of the Lord	1+2	Ps 97:1-2, 5-6, 9
1336	Ord. Time, Week 27, Sat	1	Ps 97:1-2, 5-6, 11-12
1337	Dec 27: St. John, Apostle and Evangelist	1+2	Ps 97:1-2, 5-6, 11-12
1338	Christmas Weekday: Jan. 2	1+2	Ps 98:1, 2-3ab, 3cd-4
1339	Easter, Week 4, Sat	1+2	Ps 98:1, 2-3ab, 3cd-4
1340	Easter, Week 6, Thurs	1+2	Ps 98:1, 2-3ab, 3cd-4
1341	Ord. Time, Week 8, Tues	2	Ps 98:1, 2-3ab, 3cd-4
1342	Ord. Time, Week 31, Fri	1	Ps 98:1, 2-3ab, 3cd-4
1343	Dec 8: Solemnity: Immaculate Conception of the BVMary	1+2	Ps 98:1, 2-3ab, 3cd-4
1344	Ord. Time, Week 3, Mon	1	Ps 98:1, 2-3ab, 3cd-4, 5-6
1345	Ord. Time, Week 28, Thurs	2	Ps 98:1, 2-3ab, 3cd-4, 5-6
1346	June 11: St. Barnabas, Apostle	1+2	Ps 98:1, 2-3ab, 3cd-4, 5-6
1347	Nov 18: Dedication of the Basilicas of Sts. Peter and Paul	1+2	Ps 98:1, 2-3ab, 3cd-4, 5-6
1348	Ord. Time, Week 34, Wed	2	Ps 98:1, 2-3ab, 7-8, 9
1349	Ord. Time, Week 11, Mon	1	Ps 98:1, 2b-3ab, 3cd-4
1350	Christmas Weekday: Jan. 3	1+2	Ps 98:1, 3cd-4, 5-6
1351	Christmas Weekday: Jan. 4	1+2	Ps 98:1, 7-8, 9
1352	Ord. Time, Week 21, Sat	1	Ps 98:1, 7-8, 9
1353	Ord. Time, Week 28, Mon	1	Ps 98:1bcde, 2-3ab, 3cd-4
1354	Ord. Time, Week 22, Thurs	1	Ps 98:2-3ab, 3cd-4, 5-6
1355	Ord. Time, Week 10, Wed	1	Ps 99:5, 6, 7, 8, 9
1356	Ord. Time, Week 17, Wed	1	Ps 99:5, 6, 7, 9
1357	Christmas Weekday: Jan. 5	1+2	Ps 100:1b-2, 3, 4, 5
1358	Ord. Time, Week 22, Fri	1	Ps 100:1b-2, 3, 4, 5
1359	Ord. Time, Week 24, Tues	2	Ps 100:1b-2, 3, 4, 5
1360	Ord. Time, Week 24, Sat	1	Ps 100:1b-2, 3, 4, 5
1361	Ord. Time, Week 34, Thurs	2	Ps 100:1b-2, 3, 4, 5
1362	Ord. Time, Week 29, Mon	2	Ps 100:1b-2, 3, 4ab, 4c-5
1363	Easter, Week 5, Sat	1+2	Ps 100:1b-2, 3, 5
1364	Ord. Time, Week 8, Thurs	2	Ps 100:2, 3, 4, 5
1365	Ord. Time, Week 24, Tues	1	Ps 101:1b-2ab, 2cd-3ab, 5, 6
1366	Lent, Week 5, Tues	1+2	Ps 102:2-3, 16-18, 19-21
1367	Ord. Time, Week 15, Thurs	2	Ps 102:13-14ab+15, 16-18, 19-21
1368	Ord. Time, Week 6, Thurs	1	Ps 102:16-18, 19-21, 29+22-23
1369	Ord. Time, Week 18, Tues	2	Ps 102:16-18, 19-21, 29+22-23
1370	Ord. Time, Week 26, Mon	1	Ps 102:16-18, 19-21, 29+22-23
1371	Advent, Week 2, Wed	1+2	Ps 103:1-2, 3-4, 8+10
1372	Ord. Time, Week 7, Fri	2	Ps 103:1-2, 3-4, 8-9, 11-12
1373	Lent, Week 2, Sat	1+2	Ps 103:1-2, 3-4, 9-10, 11-12
1374	Ord. Time, Week 10, Sat	1	Ps 103:1-2, 3-4, 9-10, 11-12
1375	Easter, Week 7, Fri	1+2	Ps 103:1-2, 11-12, 19-20ab
1376	Ord. Time, Week 4, Wed	1	Ps 103:1-2, 13-14, 17-18a
1377	Ord. Time, Week 15, Wed	1	Ps 103:1b-2, 3-4, 6-7
1378	Ord. Time, Week 13, Mon	1	Ps 103:1b-2, 3-4, 8-9, 10-11
1379	Ord. Time, Week 17, Tues	1	Ps 103:6-7, 8-9, 10-11, 12-13
1380	Ord. Time, Week 7, Sat	1	Ps 103:13-14, 15-16, 17-18a
1381	Ord. Time, Week 5, Wed	1	Ps 104:1-2a, 27-28, 29bc-30
1382	Ord. Time, Week 5, Mon	1	Ps 104:1-2a, 5-6, 10+12, 24+35c
1383	Ord. Time, Week 14, Sat	1	Ps 105:1-2, 3-4, 6-7
1384	Easter Octave, Wed	1+2	Ps 105:1-2, 3-4, 6-7, 8-9
1385	Ord. Time, Week 1, Wed	1	Ps 105:1-2, 3-4, 6-7, 8-9
1386	Ord. Time, Week 12, Wed	1	Ps 105:1-2, 3-4, 6-7, 8-9
1387	Ord. Time, Week 15, Thurs	1	Ps 105:1+5, 8-9, 24-25, 26-27
1388	Ord. Time, Week 14, Wed	2	Ps 105:2-3, 4-5, 6-7
1389	Ord. Time, Week 27, Sat	2	Ps 105:2-3, 4-5, 6-7
1390	Ord. Time, Week 31, Thurs	2	Ps 105:2-3, 4-5, 6-7
1391	Ord. Time, Week 32, Sat	1	Ps 105:2-3, 36-37, 42-43
1392	Lent, Week 5, Thurs	1+2	Ps 105:4-5, 6-7, 8-9
1393	Ord. Time, Week 28, Sat	1	Ps 105:6-7, 8-9, 42-43
1394	Lent, Week 2, Fri	1+2	Ps 105:16-17, 18-19, 20-21
1395	Ord. Time, Week 14, Thurs	1	Ps 105:16-17, 18-19, 20-21
1396	Ord. Time, Week 12, Thurs	1	Ps 106:1b-2, 3-4a, 4b-5
1397	Ord. Time, Week 13, Fri	1	Ps 106:1b-2, 3-4a, 4b-5
1398	Ord. Time, Week 5, Thurs	2	Ps 106:3-4, 35-36, 37+40
1399	Ord. Time, Week 18, Wed	1	Ps 106:6-7ab, 13-14, 21-22, 23
1400	Ord. Time, Week 5, Sat	2	Ps 106:6-7ab, 19-20, 21-22
1401	Lent, Week 4, Thurs	1+2	Ps 106:19-20, 21-22, 23
1402	Ord. Time, Week 17, Mon	1	Ps 106:19-20, 21-22, 23
1403	Ord. Time, Week 20, Mon	1	Ps 106:34-35, 36-37, 39-40, 43ab+44
1404	Ord. Time, Week 20, Fri	2	Ps 107:2-3, 4-5, 6-7, 8-9
1405	Ord. Time, Week 30, Thurs	1	Ps 109:21-22, 26-27, 30-31
1406	Ord. Time, Week 2, Mon	1	Ps 110:1, 2, 3, 4
1407	Ord. Time, Week 2, Wed	1	Ps 110:1, 2, 3, 4
1408	Ord. Time, Week 3, Wed	1	Ps 110:1, 2, 3, 4
1409	Ord. Time, Week 24, Wed	1	Ps 111:1-2, 3-4, 5-6
1410	Ord. Time, Week 30, Fri	2	Ps 111:1-2, 3-4, 5-6
1411	Ord. Time, Week 2, Tues	1	Ps 111:1-2, 4-5, 9+10c
1412	Ord. Time, Week 8, Mon	2	Ps 111:1-2, 5-6, 9,+10c
1413	Ord. Time, Week 27, Fri	2	Ps 111:1b-2, 3-4, 5-6
1414	Ord. Time, Week 11, Thurs	1	Ps 111:1b-2, 3-4, 7-8
1415	Ord. Time, Week 27, Mon	2	Ps 111:1b-2, 7-8, 9+10c
1416	Ord. Time, Week 24, Thurs	1	Ps 111:7-8, 9, 10
1417	Ord. Time, Week 6, Fri	2	Ps 112:1-2, 3-4, 5-6
1418	Ord. Time, Week 32, Sat	2	Ps 112:1-2, 3-4, 5-6
1419	Aug 10: St. Lawrence, Deacon and martyr	1+2	Ps 112:1-2, 5-6, 7-8, 9
1420	Ord. Time, Week 9, Tues	1	Ps 112:1-2, 7-8, 9
1421	Ord. Time, Week 9, Mon	1	Ps 112:1b-2, 3b-4, 5-6
1422	Ord. Time, Week 31, Wed	1	Ps 112:1b-2, 4-5, 9
1423	Ord. Time, Week 31, Sat	2	Ps 112:1b-2, 5-6, 8a+9
1424	Ord. Time, Week 11, Wed	1	Ps 112:1bc-2, 3-4, 9
1425	Ord. Time, Week 19, Wed	2	Ps 113:1-2, 3-4, 5-6
1426	May 14: St. Matthias, Apostle	1+2	Ps 113:1-2, 3-4, 5-6, 7-8
1427	Ord. Time, Week 23, Sat	1	Ps 113:1b-2, 3-4, 5a+6-7
1428	Ord. Time, Week 28, Mon	2	Ps 113:1b-2, 3-4, 5a+6-7
1429	Ord. Time, Week 19, Thurs	1	Ps 114:1-2, 3-4, 5-6
1430	Ord. Time, Week 13, Thurs	1	Ps 115:1-2, 3-4, 5-6, 8-9
1431	Easter, Week 5, Mon	1+2	Ps 115:1-2, 3-4, 15-16
1432	Ord. Time, Week 14, Tues	2	Ps 115:3-4, 5-6, 7ab+8, 9-10
1433	Ord. Time, Week 10, Fri	1	Ps 116:10-11, 15-16, 17-18
1434	Easter, Week 3, Sat	1+2	Ps 116:12-13, 14-15, 16-17
1435	Ord. Time, Week 6, Wed	1	Ps 116:12-13, 14-15, 18-19
1436	Ord. Time, Week 1, Mon	2	Ps 116:12-13, 14-17, 18-19
1437	Ord. Time, Week 15, Fri	1	Ps 116:12-13, 15+16bc, 17-18
1438	Ord. Time, Week 23, Sat	2	Ps 116:12-13, 17-18
1439	Easter, Week 3, Fri	1+2	Ps 117:1, 2
1440	Ord. Time, Week 27, Wed	2	Ps 117:1bc, 2
1441	Jan 25: Conversion of St. Paul, Apostle	1+2	Ps 117:1bc, 2
1442	July 3: St. Thomas, Apostle	1+2	Ps 117:1bc, 2
1443	Easter Octave, Fri	1+2	Ps 118:1-2+4, 22-24, 25-27a
1444	Ord. Time, Week 24, Thurs	2	Ps 118:1b-2, 16ab+17, 28
1445	Advent, Week 1, Thurs	1+2	Ps 118:1+8-9, 19-21, 25-27a
1446	Easter Octave, Sat	1+2	Ps 118:1+14-15ab, 16-18, 19-21
1447	Lent, Week 1, Sat	1+2	Ps 119:1-2, 4-5, 7-8
1448	Ord. Time, Week 32, Fri	2	Ps 119:1, 2, 10, 11, 17, 18
1449	Ord. Time, Week 25, Tues	2	Ps 119:1, 27, 30, 34, 35, 44
1450	Ord. Time, Week 13, Fri	2	Ps 119:2, 10, 20, 30, 40, 131
1451	Ord. Time, Week 4, Sat	2	Ps 119:9, 10, 11, 12, 13, 14
1452	Ord. Time, Week 7, Fri	1	Ps 119:12, 16, 18, 27, 34, 35
1453	Ord. Time, Week 19, Tues	2	Ps 119:14, 24, 72, 103, 111, 131
1454	Ord. Time, Week 33, Fri	2	Ps 119:14, 24, 72, 103, 111, 131
1455	Easter, Week 3, Mon	1+2	Ps 119:23-24, 26-27, 29-30
1456	Ord. Time, Week 18, Mon	2	Ps 119:29, 43, 79, 80, 95, 102
1457	Ord. Time, Week 25, Wed	2	Ps 119:29, 72, 89, 101, 104, 163
1458	Ord. Time, Week 12, Wed	2	Ps 119:33, 34, 35, 36, 37, 40
1459	Ord. Time, Week 28, Tues	2	Ps 119:41, 43, 44, 45, 47, 48
1460	Ord. Time, Week 33, Mon	1	Ps 119:53, 61, 134, 150, 155, 158
1461	Ord. Time, Week 29, Fri	1	Ps 119:66, 68, 76, 77, 93, 94
1462	Ord. Time, Week 26, Sat	2	Ps 119:66, 71, 75, 91, 125, 130
1463	Ord. Time, Week 6, Mon	2	Ps 119:67, 68, 71, 72, 75, 76
1464	Ord. Time, Week 32, Thurs	1	Ps 119:89, 90, 91, 130, 135, 175
1465	Ord. Time, Week 22, Mon	2	Ps 119:97, 98, 99, 100, 101, 102
1466	Ord. Time, Week 10, Tues	1	Ps 119:129, 130, 131, 132, 133, 135
1467	Ord. Time, Week 9, Fri	2	Ps 119:157, 160, 161, 165, 166, 168
1468	Ord. Time, Week 7, Wed	1	Ps 119:165, 168, 171, 172, 174, 175
1469	Ord. Time, Week 10, Mon	2	Ps 121:1bc-2, 3-4, 5-6, 7-8
1470	Easter, Week 5, Wed	1+2	Ps 122:1-2, 3-4ab, 4cd-5
1471	Ord. Time, Week 25, Tues	1	Ps 122:1-2, 3-4ab, 4cd-5
1472	Ord. Time, Week 29, Sat	2	Ps 122:1-2, 3-4ab, 4cd-5
1473	Ord. Time, Week 31, Fri	2	Ps 122:1-2, 3-4ab, 4cd-5
1474	Advent, Week 1, Mon	1+2	Ps 122:1-2, 3-4b, 4cd-5, 6-7, 8-9
1475	Ord. Time, Week 9, Wed	2	Ps 123:1b-2ab, 2cdef
1476	Ord. Time, Week 15, Mon	1	Ps 124:1b-3, 4-6, 7-8
1477	Ord. Time, Week 29, Wed	1	Ps 124:1b-3, 4-6, 7-8
1478	Dec 28: Holy Innocents, martyrs	1+2	Ps 124:2-3, 4-5, 7b-8
1479	Ord. Time, Week 25, Mon	1	Ps 126:1b-2ab, 2cd-3, 4-5, 6
1480	Ord. Time, Week 30, Tues	1	Ps 126:1b-2ab, 2cd-3, 4-5, 6
1481	July 25: St. James, Apostle	1+2	Ps 126:1bc-2ab, 2cd-3, 4-5, 6
1482	Ord. Time, Week 5, Thurs	1	Ps 128:1-2, 3, 4-5
1483	Ord. Time, Week 9, Thurs	1	Ps 128:1-2, 3, 4-5
1484	Ord. Time, Week 12, Fri	1	Ps 128:1-2, 3, 4-5
1485	Ord. Time, Week 30, Tues	2	Ps 128:1-2, 3, 4-5
1486	Ord. Time, Week 21, Wed	2	Ps 128:1-2, 4-5
1487	Ord. Time, Week 20, Sat	1	Ps 128:1b-2, 3, 4, 5
1488	Lent, Week 1, Fri	1+2	Ps 130:1-2, 3-4, 5-7a, 7bc-8
1489	Ord. Time, Week 28, Thurs	1	Ps 130:1b-2, 3-4, 5-6ab
1490	Ord. Time, Week 27, Tues	1	Ps 130:1b-2, 3-4ab, 7-8
1491	Ord. Time, Week 31, Mon	2	Ps 131:1bcde, 2, 3
1492	Ord. Time, Week 31, Tues	1	Ps 131:1bcde, 2, 3
1493	Ord. Time, Week 3, Thurs	2	Ps 132:1-2, 3-5, 11, 12, 13-14
1494	Ord. Time, Week 5, Mon	2	Ps 132:6-7, 8-10
1495	Aug 15: Solemnity: Assumption of the BVMary, Vigil	1+2	Ps 132:6-7, 9-10, 13-14
1496	Ord. Time, Week 11, Fri	2	Ps 132:11, 12, 13-14, 17-18
1497	July 26: Sts. Joachim and Anne, parents of BVMary	1+2	Ps 132:11, 13-14, 17-18
1498	Ord. Time, Week 13, Sat	1	Ps 135:1b-2, 3-4, 5-6
1499	Ord. Time, Week 19, Fri	1	Ps 136:1-3, 16-18, 21-22+24
1500	Ord. Time, Week 15, Sat	1	Ps 136:1+23-24, 10-12, 13-15
1501	Ord. Time, Week 12, Fri	2	Ps 137:1-2, 3, 4-5, 6
1502	Ord. Time, Week 26, Wed	1	Ps 137:1-2, 3, 4-5, 6
1503	Sept 29: Sts. Michael, Gabriel, and Raphael, archangels	1+2	Ps 138:1-2ab, 2cde-3, 4-5
1504	Lent, Week 1, Thurs	1+2	Ps 138:1-2ab, 2cde-3, 7c-8
1505	Easter, Week 6, Tues	1+2	Ps 138:1-2ab, 2cde-3, 7c-8
1506	Ord. Time, Week 21, Tues	1	Ps 139:1-3, 4-6
1507	Ord. Time, Week 26, Fri	2	Ps 139:1-3, 7-8, 9-10, 13-14ab
1508	Ord. Time, Week 32, Mon	1	Ps 139:1b-3, 4-6, 7-8, 9-10
1509	Ord. Time, Week 27, Tues	2	Ps 139:1b-3, 13-14ab, 14c-15
1510	June 24: Solemnity: Nativity of St. John the Baptist, Day	1+2	Ps 139:1b-3, 13-14ab, 14c-15
1511	Ord. Time, Week 23, Thurs	2	Ps 139:1b-3, 13-14ab, 23-24
1512	Ord. Time, Week 21, Wed	1	Ps 139:7-8, 9-10, 11-12ab
1513	Ord. Time, Week 7, Sat	2	Ps 141:1-2, 3+8
1514	Ord. Time, Week 33, Sat	2	Ps 144:1, 2, 9-10
1515	Ord. Time, Week 2, Wed	2	Ps 144:1b, 2, 9-10
1516	Ord. Time, Week 30, Thurs	2	Ps 144:1b, 2, 9-10
1517	Ord. Time, Week 25, Fri	2	Ps 144:1b+2abc, 3-4
1518	Advent, Week 2, Thurs	1+2	Ps 145:1+9, 10-11, 12-13ab
1519	Ord. Time, Week 23, Tues	1	Ps 145:1b-2, 8-9, 10-11
1520	Ord. Time, Week 23, Wed	1	Ps 145:2-3, 10-11, 12-13ab
1521	Ord. Time, Week 21, Thurs	2	Ps 145:2-3, 4-5, 6-7
1522	Ord. Time, Week 14, Mon	2	Ps 145:2-3, 4-5, 6-7, 8-9
1523	Ord. Time, Week 6, Sat	1	Ps 145:2-3, 4-5, 10-11
1524	Ord. Time, Week 31, Sat	1	Ps 145:2-3, 4-5, 10-11
1525	Ord. Time, Week 22, Tues	2	Ps 145:8-9, 10-11, 12-13ab, 13cd-14
1526	Lent, Week 4, Wed	1+2	Ps 145:8-9, 13cd-14, 17-18
1527	Ord. Time, Week 30, Wed	2	Ps 145:10-11, 12-13ab, 13cd-14
1528	Easter, Week 5, Tues	1+2	Ps 145:10-11, 12-13ab, 21
1529	Aug 24: St. Bartholomew, Apostle	1+2	Ps 145:10-11, 12-13, 17-18
1530	Oct 18: St. Luke, Evangelist	1+2	Ps 145:10-11, 12-13, 17-18
1531	Ord. Time, Week 22, Sat	2	Ps 145:17-18, 19-20, 21
1532	Ord. Time, Week 17, Thurs	2	Ps 146:1b-2, 3-4, 5-6ab
1533	Ord. Time, Week 9, Fri	1	Ps 146:1b-2, 6c-7, 8-9a, 9bc-10
1534	Ord. Time, Week 11, Tues	1	Ps 146:2, 5-6ab, 6c-7, 8-9a
1535	Ord. Time, Week 20, Fri	1	Ps 146:5-6ab, 6c-7, 8-9a, 9bc-10
1536	Ord. Time, Week 32, Thurs	2	Ps 146:7, 8-9a, 9bc-10
1537	Advent, Week 1, Sat	1+2	Ps 147:1-2, 3-4, 5-6
1538	Christmas Weekday: Jan. 6 (if Epiphany is Jan. 7 or 8)	1+2	Ps 147:12-13, 14-15, 19-20
1539	Fri after Epiphany, or Jan. 11	1+2	Ps 147:12-13, 14-15, 19-20
1540	Ord. Time, Week 8, Wed	2	Ps 147:12-13, 14-15, 19-20
1541	Ord. Time, Week 19, Mon	1	Ps 147:12-13, 14-15, 19-20
1542	Ord. Time, Week 30, Fri	1	Ps 147:12-13, 14-15, 19-20
1543	Lent, Week 3, Wed	1+2	Ps 147:12-13, 15-16, 19-20
1544	Easter, Week 6, Wed	1+2	Ps 148:1-2, 11-12, 13, 14
1545	Ord. Time, Week 19, Mon	2	Ps 148:1-2, 11-12, 13, 14
1546	Christmas Weekday: Jan. 7 (if Epiphany is Jan. 8)	1+2	Ps 149:1-2, 3-4, 5+6a+9b
1547	Sat after Epiphany, or Jan. 12	1+2	Ps 149:1-2, 3-4, 5+6a+9b
1548	Easter, Week 6, Mon	1+2	Ps 149:1b-2, 3-4, 5-6a+9b
1549	Ord. Time, Week 8, Fri	1	Ps 149:1b-2, 3-4, 5-6a+9b
1550	Ord. Time, Week 21, Mon	1	Ps 149:1b-2, 3-4, 5-6a+9b
1551	Ord. Time, Week 23, Tues	2	Ps 149:1b-2, 3-4, 5-6a+9b
1552	Ord. Time, Week 25, Thurs	1	Ps 149:1b-2, 3-4, 5-6a+9b
1553	Ord. Time, Week 33, Thurs	2	Ps 149:1b-2, 3-4, 5-6a+9b
1554	Ord. Time, Week 23, Thurs	1	Ps 150:1b-2, 3-4, 5-6
1555	Ord. Time, Week 33, Wed	2	Ps 150:1b-2, 3-4, 5-6