Seq	PropersID	Year	Reference	Brief Description of Reading
1	Easter Vigil (1st Reading)	ABC	Gen 1:1—2:2 or 1:1, 26-31a	First Story of Creation
2	1st Sunday of Lent	A	Gen 2:7-9; 3:1-7	Second Story of Creation
3	27th Sunday in Ordinary Time	B	Gen 2:18-24	Creation of Woman as a Partner for Man
4	10th Sunday in Ordinary Time	B	Gen 3:9-15	Fall of Adam and Eve, and the Curse of the Serpent
5	Dec 8: Immaculate Conception of the BVMary		Gen 3:9-15, 20	Fall of Adam and Eve, and the Curse of the Serpent
6	1st Sunday of Lent	B	Gen 9:8-15	God’s Covenant with Noah
7	Pentecost Sunday: Vigil Mass (Option 1)	ABC	Gen 11:1-9	Tower of Babel
8	2nd Sunday of Lent	A	Gen 12:1-4a	Call of Abram
9	Sunday after Trinity Sun: Body & Blood of Christ	C	Gen 14:18-20	Melchizedek Offers Bread and Wine, and Blesses Abram
10	Sunday in Octave of Christmas: Holy Family (Opt. B)	B	Gen 15:1-6; 21:1-3	God’s Covenant with Abraham; Birth of Isaac
11	2nd Sunday of Lent	C	Gen 15:5-12, 17-18	God’s Covenant with Abram
12	16th Sunday in Ordinary Time	C	Gen 18:1-10a	Abraham’s Three Visitors at Mamre
13	17th Sunday in Ordinary Time	C	Gen 18:20-32	Abraham Intercedes for Sodom
14	2nd Sunday of Lent	B	Gen 22:1-2, 9a, 10-13, 15-18	Testing of Abraham (Sacrifice of Isaac)
15	Easter Vigil (2nd Reading)	ABC	Gen 22:1-18 or 22:1-2, 9a, 10-13, 15-18	Testing of Abraham
16	3rd Sunday of Lent	C	Exod 3:1-8a, 13-15	Burning Bush and the Call of Moses
17	Holy Thursday: Mass of the Lord’s Supper	ABC	Exod 12:1-8, 11-14	Prescriptions for the Passover Ritual
18	Easter Vigil (3rd Reading)	ABC	Exod 14:15—15:1	Exodus
19	Easter Vigil (3rd Response)	ABC	Exod 15:1-2, 3-4, 5-6, 17-18	Israelites' Song of Victory over Pharaoh's Army
20	18th Sunday in Ordinary Time	B	Exod 16:2-4, 12-15	Manna and Quail in the Desert
21	3rd Sunday of Lent	A	Exod 17:3-7	Moses Strikes Water from the Rock in Horeb
22	29th Sunday in Ordinary Time	C	Exod 17:8-13	Moses Prays as Joshua Battles Amalek
23	11th Sunday in Ordinary Time	A	Exod 19:2-6a	Israelites Arrive at Mount Sinai; God Speaks to Moses
24	Pentecost Sunday: Vigil Mass (Option 2)	ABC	Exod 19:3-8a, 16-20b	Arrival and Theophany at Sinai
25	3rd Sunday of Lent	B	Exod 20:1-17 or 20:1-3, 7-8, 12-17	Ten Commandments
26	30th Sunday in Ordinary Time	A	Exod 22:20-26	Laws to Protect Aliens, Widows, Orphans, and the Poor
27	Sunday after Trinity Sun: Body & Blood of Christ	B	Exod 24:3-8	Ratification of the Covenant with Blood
28	24th Sunday in Ordinary Time	C	Exod 32:7-11, 13-14	Golden Calf and Moses’ Prayer for the People
29	Sunday after Pentecost: Holy Trinity	A	Exod 34:4b-6, 8-9	Moses Encounters the Lord Again on Mount Sinai
30	6th Sunday in Ordinary Time	B	Lev 13:1-2, 44-46	Regulations Concerning Leprosy
31	7th Sunday in Ordinary Time	A	Lev 19:1-2, 17-18	Be Holy as God Is Holy; Love Your Neighbor as Yourself
32	Jan. 1: Mary, Mother of God	ABC	Num 6:22-27	Priestly Blessing of Aaron
33	26th Sunday in Ordinary Time	B	Num 11:25-29	God’s Spirit Comes upon 70 Elders
34	Sept 14: Exaltation of the Holy Cross		Num 21:4b-9	Moses Lifts Up a Bronze Serpent
35	22nd Sunday in Ordinary Time	B	Deut 4:1-2, 6-8	Moses Calls the People to Keep God’s Commands
36	Sunday after Pentecost: Holy Trinity	B	Deut 4:32-34, 39-40	Proofs of God’s Care for the People
37	9th Sunday in Ordinary Time	B	Deut 5:12-15	Keep Holy the Sabbath Day
38	31st Sunday in Ordinary Time	B	Deut 6:2-6	“Hear, O Israel.” (Great Commandment)
39	Friday after 2nd Sun after Pentecost: Sacred Heart	A	Deut 7:6-11	God’s Love for His Chosen Nation
40	Sunday after Trinity Sun: Body & Blood of Christ	A	Deut 8:2-3, 14b-16a	God Fed You with Manna for 40 Years
41	9th Sunday in Ordinary Time	A	Deut 11:18, 26-28, 32	Blessings/Curses for Obeying/Rejecting God’s Commandments
42	4th Sunday in Ordinary Time	B	Deut 18:15-20	God Will Raise Up a Prophet Like Moses
43	1st Sunday of Lent	C	Deut 26:4-10	Thank Offerings for the Harvest
44	15th Sunday in Ordinary Time	C	Deut 30:10-14	God’s Commands Are Not Remote, but Near
45	4th Sunday of Lent	C	Josh 5:9a, 10-12	Passover at Gilgal and the Cessation of Manna
46	21st Sunday in Ordinary Time	B	Josh 24:1-2a, 15-17, 18b	Joshua Calls the People to Serve the Lord
47	Sunday in Octave of Christmas: Holy Family (Opt. C)	C	1 Sam 1:20-22, 24-28	Hannah Offers Her Son, Samuel, to God
48	2nd Sunday in Ordinary Time	B	1 Sam 3:3b-10, 19	God’s Revelation to Young Samuel
49	4th Sunday of Lent	A	1 Sam 16:1b, 6-7, 10-13a	Samuel Anoints David in Bethlehem
50	7th Sunday in Ordinary Time	C	1 Sam 26:2, 7-9, 12-13, 22-23	David Spares the Life of Saul
51	34th Sunday in Ord. Time: Christ the King	C	2 Sam 5:1-3	David Is Anointed as King of All Israel
52	4th Sunday of Advent	B	2 Sam 7:1-5, 8b-12, 14a, 16	God’s Promises to the House of David
53	March 19: St. Joseph, Husband of the BVMary		2 Sam 7:4-5a, 12-14a, 16	Lord’s Promises to David
54	11th Sunday in Ordinary Time	C	2 Sam 12:7-10, 13	David’s Punishment for the Murder of Uriah
55	17th Sunday in Ordinary Time	A	1 Kgs 3:5, 7-12	Solomon Asks for Wisdom and Understanding
56	9th Sunday in Ordinary Time	C	1 Kgs 8:41-43	Solomon Prays in the Temple for Foreigners
57	32nd Sunday in Ordinary Time	B	1 Kgs 17:10-16	Elijah Feeds the Widow of Zarephath
58	10th Sunday in Ordinary Time	C	1 Kgs 17:17-24	Elijah Restores a Widow’s Son to Life in Zarephath
59	19th Sunday in Ordinary Time	B	1 Kgs 19:4-8	Elijah’s Flight to Mount Horeb
60	19th Sunday in Ordinary Time	A	1 Kgs 19:9a, 11-13a	Elijah Encounters God from a Cave on Mount Horeb
61	13th Sunday in Ordinary Time	C	1 Kgs 19:16b, 19-21	Elisha Becomes the Follower of Elijah
62	13th Sunday in Ordinary Time	A	2 Kgs 4:8-11, 14-16a	Elisha Promises a Son to the Shunammite Woman
63	17th Sunday in Ordinary Time	B	2 Kgs 4:42-44	Elisha Feeds 100 People with 20 Barley Loaves
64	28th Sunday in Ordinary Time	C	2 Kgs 5:14-17	Elisha Cures Naaman, the Syrian Leper
65	Aug 15: Assumption of the BVMary, Vigil		1 Chr 15:3-4, 15-16; 16:1-2	Ark Is Brought into Jerusalem
66	4th Sunday of Lent	B	2 Chr 36:14-16, 19-23	Babylonian Exile and the Decree of Cyrus
67	3rd Sunday in Ordinary Time	C	Neh 8:2-4a, 5-6, 8-10	Ezra Reads God’s Law to the People
68	32nd Sunday in Ordinary Time	C	2 Macc 7:1-2, 9-14	Martyrdom of Seven Brothers and Their Mother
69	5th Sunday in Ordinary Time	B	Job 7:1-4, 6-7	Job’s First Reply to His Friends
70	12th Sunday in Ordinary Time	B	Job 38:1, 8-11	Lord Questions Job
71	Sunday after Pentecost: Holy Trinity	C	Prov 8:22-31	Divine Wisdom Present at the Creation
72	20th Sunday in Ordinary Time	B	Prov 9:1-6	Wisdom’s Invitation to Her Banquet
73	33rd Sunday in Ordinary Time	A	Prov 31:10-13, 19-20, 30-31	In Praise of the Good Wife
74	18th Sunday in Ordinary Time	C	Eccl 1:2, 2:21-23	Vanity of Toil without Profit
75	13th Sunday in Ordinary Time	B	Wis 1:13-15, 2:23-24	God Did Not Create Death; the Devil Did
76	25th Sunday in Ordinary Time	B	Wis 2:12, 17-20	Wicked Persons Plot against the Just One
77	Nov 2: Commemoration of All Souls (Option 1)	668.1	Wis 3:1-9	Souls of the Just in the Hands of God
78	Nov 2: Commemoration of All Souls (Option 2)	668.2	Wis 4:7-15	Just Person Shall Be at Rest
79	32nd Sunday in Ordinary Time	A	Wis 6:12-16	An Exhortation to Seek Wisdom
80	28th Sunday in Ordinary Time	B	Wis 7:7-11	Solomon Prayed for Prudence and Wisdom
81	23rd Sunday in Ordinary Time	C	Wis 9:13-18b	Who Can Know God’s Counsel?
82	31st Sunday in Ordinary Time	C	Wis 11:22—12:2	God’s Mercy on All Things
83	16th Sunday in Ordinary Time	A	Wis 12:13, 16-19	God’s Power and Mercy
84	19th Sunday in Ordinary Time	C	Wis 18:6-9	Recounting the Night of the First Passover
85	Sunday in Octave of Christmas: Holy Family	ABC	Sir 3:3-7, 14-17a	Duties toward One’s Parents
86	22nd Sunday in Ordinary Time	C	Sir 3:17-18, 20, 28-29	Be Humble, to Find Favor with God
87	6th Sunday in Ordinary Time	A	Sir 15:16-21	If You Choose, You Can Keep God’s Commandments
88	2nd Sunday after Christmas	ABC	Sir 24:1-4, 12-16	In Praise of Divine Wisdom
89	8th Sunday in Ordinary Time	C	Sir 27:5-8 (alt. ref. 27:4-7)	Test People by Their Speech
90	24th Sunday in Ordinary Time	A	Sir 27:30—28:7	Put Aside Anger and Vengeance
91	30th Sunday in Ordinary Time	C	Sir 35:12-14, 16-18	Lord Hears the Cry of the Oppressed
92	1st Sunday of Advent	A	Isa 2:1-5	Mount Zion, the Messianic Capital
93	27th Sunday in Ordinary Time	A	Isa 5:1-7	Song of the Vineyard
94	5th Sunday in Ordinary Time	C	Isa 6:1-2a, 3-8	Call of the Prophet Isaiah
95	4th Sunday of Advent	A	Isa 7:10-14	Sign from the Lord: Birth of Emmanuel
96	March 25: Annunciation of the Lord		Isa 7:10-14; 8:10c	Sign from the Lord: Birth of Emmanuel
97	3rd Sunday in Ordinary Time	A	Isa 8:23b—9:3	Darkness Is Dispelled; Light for the Gentiles
98	Dec. 25: Christmas: Mass at Midnight	ABC	Isa 9:1-6	A Child is Born: Prince of Peace
99	2nd Sunday of Advent	A	Isa 11:1-10	Rule of Emmanuel, the Root of Jesse
100	3rd Sunday of Advent (Response)	C	Isa 12:2-3, 4bcd, 5-6	Cry Out with Joy and Gladness: God Is My Salvation
101	Sun after Epiphany: Baptism of the Lord (Opt. B; Response)	B	Isa 12:2-3, 4bcd, 5-6	Cry Out with Joy and Gladness: God Is My Salvation
102	Easter Vigil (5th Response)	ABC	Isa 12:2-3, 4bcd, 5-6	Cry Out with Joy and Gladness: God Is My Salvation
103	Sacred Heart Friday (Response)	B	Isa 12:2-3, 4bcd, 5-6	Cry Out with Joy and Gladness: God Is My Salvation
104	21st Sunday in Ordinary Time	A	Isa 22:19-23	Eliakim Replaces Shebna as Master of the Palace
105	Nov 2: Commemoration of All Souls (Option 3)		Isa 25:6-9	Lord Will Destroy Death Forever
106	28th Sunday in Ordinary Time	A	Isa 25:6-10a	God Provides a Feast for All Peoples; Destroys Death Forever
107	3rd Sunday of Advent	A	Isa 35:1-6a, 10	Rejoicing at the Coming of God
108	23rd Sunday in Ordinary Time	B	Isa 35:4-7a	God Vindicates and Renews Israel
109	2nd Sunday of Advent	B	Isa 40:1-5, 9-11	Promise of Salvation for God’s People
110	Sunday after Epiphany: Baptism of the Lord (Opt. C)	C	Isa 40:1-5, 9-11	Promise of Salvation for God’s People
111	Sunday after Epiphany: Baptism of the Lord	ABC	Isa 42:1-4, 6-7	Servant of the Lord Brings Justice
112	5th Sunday of Lent	C	Isa 43:16-21	Promises of Restoration: Water in the Desert
113	7th Sunday in Ordinary Time	B	Isa 43:18-19, 21-22, 24b-25	Promises of Restoration and Forgiveness
114	29th Sunday in Ordinary Time	A	Isa 45:1, 4-6	Cyrus, the Lord’s Anointed One, Liberator of Israel
115	June 24: Nativity of St. John the Baptist, Day		Isa 49:1-6	Servant of the Lord as Light to the Nations
116	2nd Sunday in Ordinary Time	A	Isa 49:3, 5-6	Servant of the Lord as Light to the Nations
117	8th Sunday in Ordinary Time	A	Isa 49:14-15	The Lord Cannot Forget Zion
118	Palm Sunday Mass	ABC	Isa 50:4-7	Despite Opposition, the Lord’s Servant Proclaims Salvation
119	24th Sunday in Ordinary Time	B	Isa 50:5-9a	Despite Opposition, the Lord’s Servant Proclaims Salvation
120	Dec. 25: Christmas: Mass during the Day	ABC	Isa 52:7-10	Rejoicing at the Lord’s Salvation
121	Good Friday of the Lord’s Passion	ABC	Isa 52:13—53:12	Suffering and Triumph of the Servant of the Lord
122	29th Sunday in Ordinary Time	B	Isa 53:10-11	By Suffering, God’s Servant Justifies Many
123	Easter Vigil (4th Reading)	ABC	Isa 54:5-14	God Redeems Israel
124	18th Sunday in Ordinary Time	A	Isa 55:1-3	All Who Are Thirsty, Come to the Water
125	Sunday after Epiphany: Baptism of the Lord (Opt. B)	B	Isa 55:1-11	Come to the Water; Seek the Lord
126	Easter Vigil (5th Reading)	ABC	Isa 55:1-11	Come to the Water; Seek the Lord
127	25th Sunday in Ordinary Time	A	Isa 55:6-9	Seek the Lord While He May Be Found
128	15th Sunday in Ordinary Time	A	Isa 55:10-11	God’s Word Shall Be Fruitful
129	20th Sunday in Ordinary Time	A	Isa 56:1, 6-7	Lord’s House of Prayer for All Peoples
130	5th Sunday in Ordinary Time	A	Isa 58:7-10	Act Justly and Your Light Shall Shine
131	The Epiphany of the Lord	ABC	Isa 60:1-6	God’s Glory Shining in the New Jerusalem
132	3rd Sunday of Advent	B	Isa 61:1-2a, 10-11	Lord’s Anointed Brings Justice and Rejoicing
133	Thursday of Holy Week: Chrism Mass	ABC	Isa 61:1-3ab, 6a, 8b-9	Lord’s Anointed Brings Justice
134	Dec. 25: Christmas: Vigil Mass	ABC	Isa 62:1-5	Jerusalem’s Vindication as the Lord’s Bride
135	2nd Sunday in Ordinary Time	C	Isa 62:1-5	Jerusalem’s Vindication as the Lord’s Bride
136	Dec. 25: Christmas: Mass at Dawn	ABC	Isa 62:11-12	Savior of Zion Comes
137	1st Sunday of Advent	B	Isa 63:16b-17, 19b; 64:2-7	Prayer for Return of God’s Favor
138	14th Sunday in Ordinary Time	C	Isa 66:10-14c	God Comforts Jerusalem, as a Mother Comforts Her Child
139	21st Sunday in Ordinary Time	C	Isa 66:18-21	Gathering of All Nations in Jerusalem
140	4th Sunday in Ordinary Time	C	Jer 1:4-5, 17-19	Call of the Prophet Jeremiah
141	June 24: Nativity of St. John the Baptist, Vigil		Jer 1:4-10	Call of the Prophet Jeremiah
142	6th Sunday in Ordinary Time	C	Jer 17:5-8	Trusting in Human Beings vs. Trusting in the Lord
143	22nd Sunday in Ordinary Time	A	Jer 20:7-9	Jeremiah’s Interior Crisis and Anguish
144	12th Sunday in Ordinary Time	A	Jer 20:10-13	Jeremiah’s Interior Crisis and God’s Protection
145	16th Sunday in Ordinary Time	B	Jer 23:1-6	Bad Shepherds vs. Good Shepherds
146	30th Sunday in Ordinary Time	B	Jer 31:7-9	Lord Will Restore the Remnant of Israel
147	5th Sunday of Lent	B	Jer 31:31-34	New Covenant Written upon Hearts
148	1st Sunday of Advent	C	Jer 33:14-16	Restoration of Jerusalem through David’s Son
149	20th Sunday in Ordinary Time	C	Jer 38:4-6, 8-10	Jeremiah Imprisoned in a Cistern
150	Easter Vigil (6th Reading)	ABC	Bar 3:9-15, 32—4:4	In Praise of Divine Wisdom
151	2nd Sunday of Advent	C	Bar 5:1-9	Jerusalem Consoled: Return of Exiles
152	14th Sunday in Ordinary Time	B	Ezek 2:2-5	God Sends the Prophet to a Rebellious Israel
153	11th Sunday in Ordinary Time	B	Ezek 17:22-24	God Plants a Cedar on the Mountains of Israel
154	26th Sunday in Ordinary Time	A	Ezek 18:25-28	Iniquity Leads to Death; Justice Leads to Life
155	23rd Sunday in Ordinary Time	A	Ezek 33:7-9	Prophet as Sentinel for Israel
156	34th Sunday in Ord. Time: Christ the King	A	Ezek 34:11-12, 15-17	God Himself Will Shepherd the People
157	Friday after 2nd Sun after Pentecost: Sacred Heart	C	Ezek 34:11-16	God Himself Will Shepherd the People
158	Easter Vigil (7th Reading)	ABC	Ezek 36:16-17a, 18-28	New Heart and New Spirit
159	Pentecost Sunday: Vigil Mass (Option 3)	ABC	Ezek 37:1-14	Vision of the Dry Bones
160	5th Sunday of Lent	A	Ezek 37:12-14	Vision of the Dry Bones (Conclusion)
161	Nov 9: Dedication of the Lateran Basilica in Rome		Ezek 47:1-2, 8-9, 12	Water Flowing from the Temple
162	Sunday after Pentecost: Holy Trinity (Response)	A	Dan 3:52, 53, 54, 55	Three Young Men in Furnace Praise God
163	Aug 6: Transfiguration of the Lord		Dan 7:9-10, 13-14	Vision of the Ancient One and the Son of Man
164	34th Sunday in Ord. Time: Christ the King	B	Dan 7:13-14	Vision of the Coming Son of Man
165	33rd Sunday in Ordinary Time	B	Dan 12:1-3	Michael, Defender of God’s People
166	8th Sunday in Ordinary Time	B	Hos 2:16b, 17b, 21-22	Lord Will Espouse Israel Forever
167	10th Sunday in Ordinary Time	A	Hos 6:3-6	Insincere Conversion vs. True Love and Knowledge of God
168	Friday after 2nd Sun after Pentecost: Sacred Heart	B	Hos 11:1, 3-4, 8c-9	God’s Love for Israel, His Child
169	Pentecost Sunday: Vigil Mass (Option 4)	ABC	Joel 3:1-5	God’s Spirit Poured Out on All People
170	26th Sunday in Ordinary Time	C	Amos 6:1a, 4-7	Woes against the Rich and Complacent
171	15th Sunday in Ordinary Time	B	Amos 7:12-15	Amaziah Challenges Prophet Amos
172	25th Sunday in Ordinary Time	C	Amos 8:4-7	Warning against Greed and Injustice
173	3rd Sunday in Ordinary Time	B	Jon 3:1-5, 10	Jonah Preaches in Nineveh
174	4th Sunday of Advent	C	Mic 5:1-4a	Israel’s Ruler from Clan of Bethlehem
175	27th Sunday in Ordinary Time	C	Hab 1:2-3; 2:2-4	Prophet’s Complaint and God’s Answer
176	4th Sunday in Ordinary Time	A	Zeph 2:3; 3:12-13	Lord’s Remnant on Day of Judgment
177	3rd Sunday of Advent	C	Zeph 3:14-18a	Rejoicing at the Lord’s Presence
178	14th Sunday in Ordinary Time	A	Zech 9:9-10	Rejoice, Jerusalem, Your King Shall Proclaim Peace
179	12th Sunday in Ordinary Time	C	Zech 12:10-11; 13:1	Jerusalem Shall Mourn for the One Whom They Have Pierced
180	31st Sunday in Ordinary Time	A	Mal 1:14b—2:2b, 8-10	Curses upon Wicked Priests and Levites
181	Feb 2: Presentation of the Lord		Mal 3:1-4	Messenger of the Covenant Prepares God’s Way
182	33rd Sunday in Ordinary Time	C	Mal 3:19-20a	Evildoers Will Perish; Godfearers Will Be Rewarded
183	Dec. 25: Christmas: Vigil Mass	ABC	Matt 1:1-25 or 1:18-25	
184	March 19: St. Joseph, husband of the BVMary (Option 1)		Matt 1:16, 18-21, 24a	
185	4th Sunday of Advent	A	Matt 1:18-24	
186	The Epiphany of the Lord	ABC	Matt 2:1-12	
187	Sunday in Octave of Christmas: Holy Family	A	Matt 2:13-15, 19-23	
188	2nd Sunday of Advent	A	Matt 3:1-12	
189	Sunday after Epiphany: Baptism of the Lord	A	Matt 3:13-17	
190	1st Sunday of Lent	A	Matt 4:1-11	
191	3rd Sunday in Ordinary Time	A	Matt 4:12-23 or 4:12-17	
192	4th Sunday in Ordinary Time	A	Matt 5:1-12a	
193	Nov 1: All Saints		Matt 5:1-12a	
194	5th Sunday in Ordinary Time	A	Matt 5:13-16	
195	6th Sunday in Ordinary Time	A	Matt 5:17-37 or 5:20-22a, 27-28, 33-34a, 37	
196	7th Sunday in Ordinary Time	A	Matt 5:38-48	
197	8th Sunday in Ordinary Time	A	Matt 6:24-34	
198	9th Sunday in Ordinary Time	A	Matt 7:21-27	
199	10th Sunday in Ordinary Time	A	Matt 9:9-13	
200	11th Sunday in Ordinary Time	A	Matt 9:36—10:8	
201	12th Sunday in Ordinary Time	A	Matt 10:26-33	
202	13th Sunday in Ordinary Time	A	Matt 10:37-42	
203	3rd Sunday of Advent	A	Matt 11:2-11	
204	14th Sunday in Ordinary Time	A	Matt 11:25-30	
205	Friday after 2nd Sun after Pentecost: Sacred Heart	A	Matt 11:25-30	
206	15th Sunday in Ordinary Time	A	Matt 13:1-23 or 13:1-9	
207	16th Sunday in Ordinary Time	A	Matt 13:24-43 or 13:24-30	
208	17th Sunday in Ordinary Time	A	Matt 13:44-52 or 13:44-46	
209	18th Sunday in Ordinary Time	A	Matt 14:13-21	
210	19th Sunday in Ordinary Time	A	Matt 14:22-33	
211	20th Sunday in Ordinary Time	A	Matt 15:21-28	
212	June 29: Sts. Peter and Paul, Apostles, Day		Matt 16:13-19	
213	21st Sunday in Ordinary Time	A	Matt 16:13-20	
214	22nd Sunday in Ordinary Time	A	Matt 16:21-27	
215	2nd Sunday of Lent	A	Matt 17:1-9	
216	Aug 6: Transfiguration of the Lord (Year A)		Matt 17:1-9	
217	23rd Sunday in Ordinary Time	A	Matt 18:15-20	
218	24th Sunday in Ordinary Time	A	Matt 18:21-35	
219	25th Sunday in Ordinary Time	A	Matt 20:1-16a	
220	Palm Sunday: Procession of Palms	A	Matt 21:1-11	
221	26th Sunday in Ordinary Time	A	Matt 21:28-32	
222	27th Sunday in Ordinary Time	A	Matt 21:33-43	
223	28th Sunday in Ordinary Time	A	Matt 22:1-14 or 22:1-10	
224	29th Sunday in Ordinary Time	A	Matt 22:15-21	
225	30th Sunday in Ordinary Time	A	Matt 22:34-40	
226	31st Sunday in Ordinary Time	A	Matt 23:1-12	
227	1st Sunday of Advent	A	Matt 24:37-44	
228	32nd Sunday in Ordinary Time	A	Matt 25:1-13	
229	33rd Sunday in Ordinary Time	A	Matt 25:14-30 or 25:14-15, 19-21	
230	34th Sunday in Ord. Time: Christ the King	A	Matt 25:31-46	
231	Palm Sunday Mass	A	Matt 26:14—27:66 or 27:11-54	
232	Easter Vigil	A	Matt 28:1-10	
233	Ascension of the Lord	A	Matt 28:16-20	
234	Sunday after Pentecost: Holy Trinity	B	Matt 28:16-20	
235	2nd Sunday of Advent	B	Mark 1:1-8	
236	Sunday after Epiphany: Baptism of the Lord	B	Mark 1:7-11	
237	1st Sunday of Lent	B	Mark 1:12-15	
238	3rd Sunday in Ordinary Time	B	Mark 1:14-20	
239	4th Sunday in Ordinary Time	B	Mark 1:21-28	
240	5th Sunday in Ordinary Time	B	Mark 1:29-39	
241	6th Sunday in Ordinary Time	B	Mark 1:40-45	
242	7th Sunday in Ordinary Time	B	Mark 2:1-12	
243	8th Sunday in Ordinary Time	B	Mark 2:18-22	
244	9th Sunday in Ordinary Time	B	Mark 2:23—3:6 or 2:23-28	
245	10th Sunday in Ordinary Time	B	Mark 3:20-35	
246	11th Sunday in Ordinary Time	B	Mark 4:26-34	
247	12th Sunday in Ordinary Time	B	Mark 4:35-41	
248	13th Sunday in Ordinary Time	B	Mark 5:21-43 or 5:21-24, 35-43	
249	14th Sunday in Ordinary Time	B	Mark 6:1-6	
250	15th Sunday in Ordinary Time	B	Mark 6:7-13	
251	16th Sunday in Ordinary Time	B	Mark 6:30-34	
252	22nd Sunday in Ordinary Time	B	Mark 7:1-8, 14-15, 21-23	
253	23rd Sunday in Ordinary Time	B	Mark 7:31-37	
254	24th Sunday in Ordinary Time	B	Mark 8:27-35	
255	2nd Sunday of Lent	B	Mark 9:2-10	
256	Aug 6: Transfiguration of the Lord (Year B)		Mark 9:2-10	
257	25th Sunday in Ordinary Time	B	Mark 9:30-37	
258	26th Sunday in Ordinary Time	B	Mark 9:38-43, 45, 47-48	
259	27th Sunday in Ordinary Time	B	Mark 10:2-16 or 10:2-12	
260	28th Sunday in Ordinary Time	B	Mark 10:17-30 or 10:17-27	
261	29th Sunday in Ordinary Time	B	Mark 10:35-45 or 10:42-45	
262	30th Sunday in Ordinary Time	B	Mark 10:46-52	
263	Palm Sunday: Procession of Palms (opt. 1)	B	Mark 11:1-10	
264	31st Sunday in Ordinary Time	B	Mark 12:28b-34	
265	32nd Sunday in Ordinary Time	B	Mark 12:38-44 or 12:41-44	
266	33rd Sunday in Ordinary Time	B	Mark 13:24-32	
267	1st Sunday of Advent	B	Mark 13:33-37	
268	Palm Sunday Mass	B	Mark 14:1—15:47 or 15:1-39	
269	Sunday after Trinity Sun: Body & Blood of Christ	B	Mark 14:12-16, 22-26	
270	Easter Vigil	B	Mark 16:1-7	
271	Ascension of the Lord	B	Mark 16:15-20	
272	3rd Sunday in Ordinary Time	C	Luke 1:1-4; 4:14-21	
273	June 24: Nativity of St. John the Baptist, Vigil		Luke 1:5-17	
274	4th Sunday of Advent	B	Luke 1:26-38	
275	March 25: Annunciation of the Lord		Luke 1:26-38	
276	Dec 8: Immaculate Conception of the BVMary		Luke 1:26-38	
277	4th Sunday of Advent	C	Luke 1:39-45	
278	Aug 15: Assumption of the BVMary, Day		Luke 1:39-56	
279	3rd Sunday of Advent (response)	B	Luke 1:46-48, 49-50, 53-54	
280	June 24: Nativity of St. John the Baptist, Day		Luke 1:57-66, 80	
281	Dec. 25: Christmas: Mass at Midnight	ABC	Luke 2:1-14	
282	Dec. 25: Christmas: Mass at Dawn	ABC	Luke 2:15-20	
283	Jan. 1: Mary, Mother of God	ABC	Luke 2:16-21	
284	Feb 2: Presentation of the Lord		Luke 2:22-40 or 2:22-32	
285	Sunday in Octave of Christmas: Holy Family	B	Luke 2:22-40 or 2:22, 39-40	
286	March 19: St. Joseph, Husband of the BVMary (Option 2)		Luke 2:41-51a	
287	Sunday in Octave of Christmas: Holy Family	C	Luke 2:41-52	
288	2nd Sunday of Advent	C	Luke 3:1-6	
289	3rd Sunday of Advent	C	Luke 3:10-18	
290	Sunday after Epiphany: Baptism of the Lord	C	Luke 3:15-16, 21-22	
291	1st Sunday of Lent	C	Luke 4:1-13	
292	3rd Sunday in Ordinary Time	C	Luke 4:14-21 (with 1:1-4; see 69-C)	
293	4th Sunday in Ordinary Time	C	Luke 4:21-30	
294	5th Sunday in Ordinary Time	C	Luke 5:1-11	
295	6th Sunday in Ordinary Time	C	Luke 6:17, 20-26	
296	7th Sunday in Ordinary Time	C	Luke 6:27-38	
297	8th Sunday in Ordinary Time	C	Luke 6:39-45	
298	9th Sunday in Ordinary Time	C	Luke 7:1-10	
299	10th Sunday in Ordinary Time	C	Luke 7:11-17	
300	11th Sunday in Ordinary Time	C	Luke 7:36—8:3 or 7:36-50	
301	Sunday after Trinity Sun: Body & Blood of Christ	C	Luke 9:11b-17	
302	12th Sunday in Ordinary Time	C	Luke 9:18-24	
303	2nd Sunday of Lent	C	Luke 9:28b-36	
304	Aug 6: Transfiguration of the Lord (Year C)		Luke 9:28b-36	
305	13th Sunday in Ordinary Time	C	Luke 9:51-62	
306	14th Sunday in Ordinary Time	C	Luke 10:1-12, 17-20 or 10:1-9	
307	15th Sunday in Ordinary Time	C	Luke 10:25-37	
308	16th Sunday in Ordinary Time	C	Luke 10:38-42	
309	17th Sunday in Ordinary Time	C	Luke 11:1-13	
310	Aug 15: Assumption of the BVMary, Vigil		Luke 11:27-28	
311	18th Sunday in Ordinary Time	C	Luke 12:13-21	
312	19th Sunday in Ordinary Time	C	Luke 12:32-48 or 12:35-40	
313	20th Sunday in Ordinary Time	C	Luke 12:49-53	
314	3rd Sunday of Lent	C	Luke 13:1-9	
315	21st Sunday in Ordinary Time	C	Luke 13:22-30	
316	22nd Sunday in Ordinary Time	C	Luke 14:1, 7-14	
317	23rd Sunday in Ordinary Time	C	Luke 14:25-33	
318	4th Sunday of Lent	C	Luke 15:1-3, 11-32	
319	24th Sunday in Ordinary Time	C	Luke 15:1-32 or 15:1-10	
320	Friday after 2nd Sun after Pentecost: Sacred Heart	C	Luke 15:3-7	
321	25th Sunday in Ordinary Time	C	Luke 16:1-13 or 16:10-13	
322	26th Sunday in Ordinary Time	C	Luke 16:19-31	
323	27th Sunday in Ordinary Time	C	Luke 17:5-10	
324	28th Sunday in Ordinary Time	C	Luke 17:11-19	
325	29th Sunday in Ordinary Time	C	Luke 18:1-8	
326	30th Sunday in Ordinary Time	C	Luke 18:9-14	
327	31st Sunday in Ordinary Time	C	Luke 19:1-10	
328	Palm Sunday: Procession of Palms	C	Luke 19:28-40	
329	32nd Sunday in Ordinary Time	C	Luke 20:27-38 or 20:27, 34-38	
330	33rd Sunday in Ordinary Time	C	Luke 21:5-19	
331	1st Sunday of Advent	C	Luke 21:25-28, 34-36	
332	Palm Sunday Mass	C	Luke 22:14—23:56 or 23:1-49	
333	34th Sunday in Ord. Time: Christ the King	C	Luke 23:35-43	
334	Easter Vigil	C	Luke 24:1-12	
335	Easter Sunday: Resurrection of the Lord (opt. 2)	ABC	Luke 24:13-35	
336	3rd Sunday of Easter	A	Luke 24:13-35	
337	3rd Sunday of Easter	B	Luke 24:35-48	
338	Ascension of the Lord	C	Luke 24:46-53	
339	Dec. 25: Christmas: Mass during the Day	ABC	John 1:1-18 or 1:1-5, 9-14	
340	2nd Sunday after Christmas	ABC	John 1:1-18 or 1:1-5, 9-14	
341	3rd Sunday of Advent	B	John 1:6-8, 19-28	
342	2nd Sunday in Ordinary Time	A	John 1:29-34	
343	2nd Sunday in Ordinary Time	B	John 1:35-42	
344	2nd Sunday in Ordinary Time	C	John 2:1-11	
345	Nov 9: Dedication of the Lateran Basilica in Rome		John 2:13-22	
346	3rd Sunday of Lent	B	John 2:13-25	
347	Sept 14: Exaltation of the Holy Cross		John 3:13-17	
348	4th Sunday of Lent	B	John 3:14-21	
349	Sunday after Pentecost: Holy Trinity	A	John 3:16-18	
350	3rd Sunday of Lent	C	John 4:5-42 or 4:5-15, 19b-26, 39a, 40-42	
351	17th Sunday in Ordinary Time	B	John 6:1-15	
352	18th Sunday in Ordinary Time	B	John 6:24-35	
353	19th Sunday in Ordinary Time	B	John 6:41-51	
354	20th Sunday in Ordinary Time	B	John 6:51-58	
355	Sunday after Trinity Sun: Body & Blood of Christ	A	John 6:51-58	
356	21st Sunday in Ordinary Time	B	John 6:60-69	
357	Pentecost Sunday: Vigil Mass	ABC	John 7:37-39	
358	5th Sunday of Lent	C	John 8:1-11	
359	4th Sunday of Lent	C	John 9:1-41 or 9:1, 6-9, 13-17, 34-38	
360	4th Sunday of Easter	A	John 10:1-10	
361	4th Sunday of Easter	B	John 10:11-18	
362	4th Sunday of Easter	C	John 10:27-30	
363	5th Sunday of Lent	C	John 11:1-45 or 11:3-7, 17, 20-27, 33b-45	
364	Palm Sunday: Procession of Palms (opt. 2)	B	John 12:12-16	
365	5th Sunday of Lent	B	John 12:20-33	
366	Holy Thursday: Mass of the Lord’s Supper	ABC	John 13:1-15	
367	5th Sunday of Easter	C	John 13:31-33a, 34-35	
368	5th Sunday of Easter	A	John 14:1-12	
369	Pentecost Sunday (opt. C)	C	John 14:15-16, 23b-26	
370	6th Sunday of Easter	A	John 14:15-21	
371	6th Sunday of Easter	C	John 14:23-29	
372	5th Sunday of Easter	B	John 15:1-8	
373	6th Sunday of Easter	B	John 15:9-17	
374	Pentecost Sunday (opt. B)	B	John 15:26-27; 16:12-15	
375	Sunday after Pentecost: Holy Trinity	C	John 16:12-15	
376	7th Sunday of Easter	A	John 17:1-11a	
377	7th Sunday of Easter	B	John 17:11b-19	
378	7th Sunday of Easter	C	John 17:20-26	
379	Good Friday of the Lord’s Passion	ABC	John 18:1—19:42	
380	34th Sunday in Ord. Time: Christ the King	B	John 18:33b-37	
381	Friday after 2nd Sun after Pentecost: Sacred Heart	B	John 19:31-37	
382	Easter Sunday: Resurrection of the Lord (opt. 1)	ABC	John 20:1-9	
383	Pentecost Sunday	ABC	John 20:19-23	
384	2nd Sunday of Easter	C	John 20:19-31	
385	3rd Sunday of Easter	C	John 21:1-19 or 21:1-14	
386	June 29: Sts. Peter and Paul, Vigil		John 21:15-19	
387	Ascension of the Lord	ABC	Acts 1:1-11	
388	7th Sunday of Easter	A	Acts 1:12-14	
389	7th Sunday of Easter	B	Acts 1:15-17, 20a, 20c-26	
390	Pentecost Sunday	ABC	Acts 2:1-11	
391	3rd Sunday of Easter	A	Acts 2:14, 22-33	
392	4th Sunday of Easter	A	Acts 2:14a, 36-41	
393	2nd Sunday of Easter	A	Acts 2:42-47	
394	June 29: Sts. Peter and Paul, Apostles, Vigil (1st reading)		Acts 3:1-10	
395	3rd Sunday of Easter	B	Acts 3:13-15, 17-19	
396	4th Sunday of Easter	B	Acts 4:8-12	
397	2nd Sunday of Easter	B	Acts 4:32-35	
398	2nd Sunday of Easter	C	Acts 5:12-16	
399	3rd Sunday of Easter	C	Acts 5:27-32, 40b-41	
400	5th Sunday of Easter	A	Acts 6:1-7	
401	7th Sunday of Easter	C	Acts 7:55-60	
402	6th Sunday of Easter	A	Acts 8:5-8, 14-17	
403	5th Sunday of Easter	B	Acts 9:26-31	
404	6th Sunday of Easter	B	Acts 10:25-26, 34-35, 44-48	
405	Sunday after Epiphany: Baptism of the Lord	ABC	Acts 10:34-38	
406	Easter Sunday: Resurrection of the Lord	ABC	Acts 10:34a, 37-43	
407	June 29: Sts. Peter and Paul, Apostles, Day (1st reading)		Acts 12:1-11	
408	4th Sunday of Easter	C	Acts 13:14, 43-52	
409	Dec. 25: Christmas: Vigil Mass	ABC	Acts 13:16-17, 22-25	
410	June 24: Nativity of St. John the Baptist, Day		Acts 13:22-26	
411	5th Sunday of Easter	C	Acts 14:21-27	
412	6th Sunday of Easter	C	Acts 15:1-2, 22-29	
413	4th Sunday of Advent	A	Rom 1:1-7	
414	9th Sunday in Ordinary Time	A	Rom 3:21-25, 28	
415	March 19: St. Joseph, husband of the BVMary		Rom 4:13, 16-18, 22	
416	10th Sunday in Ordinary Time	A	Rom 4:18-25	
417	3rd Sunday of Lent	A	Rom 5:1-2, 5-8	
418	Sunday after Pentecost: Holy Trinity	C	Rom 5:1-5	
419	Friday after 2nd Sun after Pentecost: Sacred Heart	C	Rom 5:5b-11	
420	11th Sunday in Ordinary Time	A	Rom 5:6-11	
421	12th Sunday in Ordinary Time	A	Rom 5:12-15	
422	1st Sunday of Lent	A	Rom 5:12-19 or 5:12, 17-19	
423	Easter Vigil	ABC	Rom 6:3-11	
424	13th Sunday in Ordinary Time	A	Rom 6:3-4, 8-11	
425	5th Sunday of Lent	A	Rom 8:8-11	
426	Pentecost Sunday (opt. C)	C	Rom 8:8-17	
427	14th Sunday in Ordinary Time	A	Rom 8:9, 11-13	
428	Sunday after Pentecost: Holy Trinity	B	Rom 8:14-17	
429	15th Sunday in Ordinary Time	A	Rom 8:18-23	
430	Pentecost Sunday: Vigil Mass	ABC	Rom 8:22-27	
431	16th Sunday in Ordinary Time	A	Rom 8:26-27	
432	17th Sunday in Ordinary Time	A	Rom 8:28-30	
433	2nd Sunday of Lent	B	Rom 8:31b-34	
434	18th Sunday in Ordinary Time	A	Rom 8:35, 37-39	
435	19th Sunday in Ordinary Time	A	Rom 9:1-5	
436	1st Sunday of Lent	C	Rom 10:8-13	
437	20th Sunday in Ordinary Time	A	Rom 11:13-15, 29-32	
438	21st Sunday in Ordinary Time	A	Rom 11:33-36	
439	22nd Sunday in Ordinary Time	A	Rom 12:1-2	
440	23rd Sunday in Ordinary Time	A	Rom 13:8-10	
441	1st Sunday of Advent	A	Rom 13:11-14	
442	24th Sunday in Ordinary Time	A	Rom 14:7-9	
443	2nd Sunday of Advent	A	Rom 15:4-9	
444	4th Sunday of Advent	B	Rom 16:25-27	
445	2nd Sunday in Ordinary Time	A	1 Cor 1:1-3	
446	1st Sunday of Advent	B	1 Cor 1:3-9	
447	3rd Sunday in Ordinary Time	A	1 Cor 1:10-13, 17	
448	3rd Sunday of Lent	B	1 Cor 1:22-25	
449	4th Sunday in Ordinary Time	A	1 Cor 1:26-31	
450	5th Sunday in Ordinary Time	A	1 Cor 2:1-5	
451	6th Sunday in Ordinary Time	A	1 Cor 2:6-10	
452	Nov 9: Dedication of the Lateran Basilica in Rome		1 Cor 3:9c-11, 16-17	
453	7th Sunday in Ordinary Time	A	1 Cor 3:16-23	
454	8th Sunday in Ordinary Time	A	1 Cor 4:1-5	
455	Easter Sunday: Resurrection of the Lord (opt. 2)	ABC	1 Cor 5:6b-8	
456	2nd Sunday in Ordinary Time	B	1 Cor 6:13c-15a, 17-20	
457	3rd Sunday in Ordinary Time	B	1 Cor 7:29-31	
458	4th Sunday in Ordinary Time	B	1 Cor 7:32-35	
459	5th Sunday in Ordinary Time	B	1 Cor 9:16-19, 22-23	
460	3rd Sunday of Lent	C	1 Cor 10:1-6, 10-12	
461	Sunday after Trinity Sun: Body & Blood of Christ	A	1 Cor 10:16-17	
462	6th Sunday in Ordinary Time	B	1 Cor 10:31—11:1	
463	Holy Thursday: Mass of the Lord’s Supper	ABC	1 Cor 11:23-26	
464	Sunday after Trinity Sun: Body & Blood of Christ	C	1 Cor 11:23-26	
465	Pentecost Sunday	ABC	1 Cor 12:3b-7, 12-13	
466	2nd Sunday in Ordinary Time	C	1 Cor 12:4-11	
467	3rd Sunday in Ordinary Time	C	1 Cor 12:12-30 or 12:12-14, 27	
468	4th Sunday in Ordinary Time	C	1 Cor 12:31—13:13 or 13:4-13	
469	5th Sunday in Ordinary Time	C	1 Cor 15:1-11 or 15:3-8, 11	
470	6th Sunday in Ordinary Time	C	1 Cor 15:12, 16-20	
471	34th Sunday in Ord. Time: Christ the King	A	1 Cor 15:20-26, 28	
472	Aug 15: Assumption of the BVMary, Day		1 Cor 15:20-27	
473	7th Sunday in Ordinary Time	C	1 Cor 15:45-49	
474	8th Sunday in Ordinary Time	C	1 Cor 15:54-58	
475	Aug 15: Assumption of the BVMary, Vigil		1 Cor 15:54b-57	
476	7th Sunday in Ordinary Time	B	2 Cor 1:18-22	
477	8th Sunday in Ordinary Time	B	2 Cor 3:1b-6	
478	9th Sunday in Ordinary Time	B	2 Cor 4:6-11	
479	10th Sunday in Ordinary Time	B	2 Cor 4:13—5:1	
480	11th Sunday in Ordinary Time	B	2 Cor 5:6-10	
481	12th Sunday in Ordinary Time	B	2 Cor 5:14-17	
482	4th Sunday of Lent	C	2 Cor 5:17-21	
483	13th Sunday in Ordinary Time	B	2 Cor 8:7, 9, 13-15	
484	14th Sunday in Ordinary Time	B	2 Cor 12:7-10	
485	Sunday after Pentecost: Holy Trinity	A	2 Cor 13:11-13	
486	9th Sunday in Ordinary Time	C	Gal 1:1-2, 6-10	
487	10th Sunday in Ordinary Time	C	Gal 1:11-19	
488	June 29: Sts. Peter and Paul, Apostles, Vigil		Gal 1:11-20	
489	11th Sunday in Ordinary Time	C	Gal 2:16, 19-21	
490	12th Sunday in Ordinary Time	C	Gal 3:26-29	
491	Jan. 1: Mary, Mother of God	ABC	Gal 4:4-7	
492	13th Sunday in Ordinary Time	C	Gal 5:1, 13-18	
493	Pentecost Sunday (opt. B)	B	Gal 5:16-25	
494	14th Sunday in Ordinary Time	C	Gal 6:14-18	
495	15th Sunday in Ordinary Time	B	Eph 1:3-14 or 1:3-10	
496	Dec 8: Immaculate Conception of the BVMary		Eph 1:3-6, 11-12	
497	2nd Sunday after Christmas	ABC	Eph 1:3-6, 15-18	
498	Ascension of the Lord	ABC	Eph 1:17-23	
499	4th Sunday of Lent	B	Eph 2:4-10	
500	16th Sunday in Ordinary Time	B	Eph 2:13-18	
501	The Epiphany of the Lord	ABC	Eph 3:2-3a, 5-6	
502	Friday after 2nd Sun after Pentecost: Sacred Heart	B	Eph 3:8-12, 14-19	
503	17th Sunday in Ordinary Time	B	Eph 4:1-6	
504	Ascension of the Lord (opt. B)	B	Eph 4:1-13 or 4:1-7, 11-13	
505	18th Sunday in Ordinary Time	B	Eph 4:17, 20-24	
506	19th Sunday in Ordinary Time	B	Eph 4:30—5:2	
507	4th Sunday of Lent	A	Eph 5:8-14	
508	20th Sunday in Ordinary Time	B	Eph 5:15-20	
509	21st Sunday in Ordinary Time	B	Eph 5:21-32 or 5:2a, 25-32	
510	2nd Sunday of Advent	C	Phil 1:4-6, 8-11	
511	25th Sunday in Ordinary Time	A	Phil 1:20c-24, 27a	
512	26th Sunday in Ordinary Time	A	Phil 2:1-11 or 2:1-5	
513	Palm Sunday Mass	ABC	Phil 2:6-11	
514	Sept 14: Exaltation of the Holy Cross		Phil 2:6-11	
515	5th Sunday of Lent	C	Phil 3:8-14	
516	2nd Sunday of Lent	C	Phil 3:17—4:1 or 3:20—4:1	
517	3rd Sunday of Advent	C	Phil 4:4-7	
518	27th Sunday in Ordinary Time	A	Phil 4:6-9	
519	28th Sunday in Ordinary Time	A	Phil 4:12-14, 19-20	
520	34th Sunday in Ord. Time: Christ the King	C	Col 1:12-20	
521	15th Sunday in Ordinary Time	C	Col 1:15-20	
522	16th Sunday in Ordinary Time	C	Col 1:24-28	
523	17th Sunday in Ordinary Time	C	Col 2:12-14	
524	Easter Sunday: Resurrection of the Lord (opt. 1)	ABC	Col 3:1-4	
525	18th Sunday in Ordinary Time	C	Col 3:1-5, 9-11	
526	Sunday in Octave of Christmas: Holy Family	ABC	Col 3:12-21 or 3:12-17	
527	29th Sunday in Ordinary Time	A	1 Thess 1:1-5b	
528	30th Sunday in Ordinary Time	A	1 Thess 1:5c-10	
529	31st Sunday in Ordinary Time	A	1 Thess 2:7b-9, 13	
530	1st Sunday of Advent	C	1 Thess 3:12—4:2	
531	32nd Sunday in Ordinary Time	A	1 Thess 4:13-18 or 4:13-14	
532	33rd Sunday in Ordinary Time	A	1 Thess 5:1-6	
533	3rd Sunday of Advent	B	1 Thess 5:16-24	
534	31st Sunday in Ordinary Time	C	2 Thess 1:11—2:2	
535	32nd Sunday in Ordinary Time	C	2 Thess 2:16—3:5	
536	33rd Sunday in Ordinary Time	C	2 Thess 3:7-12	
537	24th Sunday in Ordinary Time	C	1 Tim 1:12-17	
538	25th Sunday in Ordinary Time	C	1 Tim 2:1-8	
539	26th Sunday in Ordinary Time	C	1 Tim 6:11-16	
540	27th Sunday in Ordinary Time	C	2 Tim 1:6-8, 13-14	
541	2nd Sunday of Lent	A	2 Tim 1:8b-10	
542	28th Sunday in Ordinary Time	C	2 Tim 2:8-13	
543	29th Sunday in Ordinary Time	C	2 Tim 3:14—4:2	
544	30th Sunday in Ordinary Time	C	2 Tim 4:6-8, 16-18	
545	June 29: Sts. Peter and Paul, Apostles, Day		2 Tim 4:6-8, 17-18	
546	Dec. 25: Christmas: Mass at Midnight	ABC	Titus 2:11-14	
547	Sunday after Epiphany: Baptism of the Lord (opt. C)	C	Titus 2:11-14; 3:4-7	
548	Dec. 25: Christmas: Mass at Dawn	ABC	Titus 3:4-7	
549	23rd Sunday in Ordinary Time	C	Phlm 9-10, 12-17	
550	Dec. 25: Christmas: Mass during the Day	ABC	Heb 1:1-6	
551	27th Sunday in Ordinary Time	B	Heb 2:9-11	
552	Feb 2: Presentation of the Lord		Heb 2:14-18	
553	28th Sunday in Ordinary Time	B	Heb 4:12-13	
554	29th Sunday in Ordinary Time	B	Heb 4:14-16	
555	Good Friday of the Lord’s Passion	ABC	Heb 4:14-16; 5:7-9	
556	30th Sunday in Ordinary Time	B	Heb 5:1-6	
557	5th Sunday of Lent	B	Heb 5:7-9	
558	31st Sunday in Ordinary Time	B	Heb 7:23-28	
559	Sunday after Trinity Sun: Body & Blood of Christ	B	Heb 9:11-15	
560	32nd Sunday in Ordinary Time	B	Heb 9:24-28	
561	Ascension of the Lord (opt. C)	C	Heb 9:24-28; 10:19-23	
562	March 25: Annunciation of the Lord		Heb 10:4-10	
563	4th Sunday of Advent	C	Heb 10:5-10	
564	33rd Sunday in Ordinary Time	B	Heb 10:11-14, 18	
565	19th Sunday in Ordinary Time	C	Heb 11:1-2, 8-19 or 11:1-2, 8-12	
566	Sunday in Octave of Christmas: Holy Family (opt. B)	B	Heb 11:8, 11-12, 17-19	
567	20th Sunday in Ordinary Time	C	Heb 12:1-4	
568	21st Sunday in Ordinary Time	C	Heb 12:5-7, 11-13	
569	22nd Sunday in Ordinary Time	C	Heb 12:18-19, 22-24a	
570	22nd Sunday in Ordinary Time	B	Jas 1:17-18, 21b-22, 27	
571	23rd Sunday in Ordinary Time	B	Jas 2:1-5	
572	24th Sunday in Ordinary Time	B	Jas 2:14-18	
573	25th Sunday in Ordinary Time	B	Jas 3:16—4:3	
574	26th Sunday in Ordinary Time	B	Jas 5:1-6	
575	3rd Sunday of Advent	A	Jas 5:7-10	
576	2nd Sunday of Easter	A	1 Pet 1:3-9	
577	June 24: Nativity of St. John the Baptist, Vigil		1 Pet 1:8-12	
578	3rd Sunday of Easter	A	1 Pet 1:17-21	
579	5th Sunday of Easter	A	1 Pet 2:4-9	
580	4th Sunday of Easter	A	1 Pet 2:20b-25	
581	6th Sunday of Easter	A	1 Pet 3:15-18	
582	1st Sunday of Lent	B	1 Pet 3:18-22	
583	7th Sunday of Easter	A	1 Pet 4:13-16	
584	Aug 6: Transfiguration of the Lord		2 Pet 1:16-19	
585	2nd Sunday of Advent	B	2 Pet 3:8-14	
586	3rd Sunday of Easter	B	1 John 2:1-5a	
587	4th Sunday of Easter	B	1 John 3:1-2	
588	Sunday in Octave of Christmas: Holy Family (opt. C)	C	1 John 3:1-2, 21-24	
589	Nov 1: All Saints		1 John 3:1-3	
590	5th Sunday of Easter	B	1 John 3:18-24	
591	6th Sunday of Easter	B	1 John 4:7-10	
592	Friday after 2nd Sun after Pentecost: Sacred Heart	A	1 John 4:7-16	
593	7th Sunday of Easter	B	1 John 4:11-16	
594	2nd Sunday of Easter	B	1 John 5:1-6	
595	Sunday after Epiphany: Baptism of the Lord (opt. B)	B	1 John 5:1-9	
596	34th Sunday in Ord. Time: Christ the King	B	Rev 1:5-8	
597	2nd Sunday of Easter	C	Rev 1:9-11a, 12-13, 17-19	
598	3rd Sunday of Easter	C	Rev 5:11-14	
599	Nov 1: All Saints (1st reading)		Rev 7:2-4, 9-14	
600	4th Sunday of Easter	C	Rev 7:9, 14b-17	
601	Aug 15: Assumption of the BVMary, Day (1st reading)		Rev 11:19a; 12:1-6a, 10ab	
602	5th Sunday of Easter	C	Rev 21:1-5a	
603	6th Sunday of Easter	C	Rev 21:10-14, 22-23	
604	7th Sunday of Easter	C	Rev 22:12-14, 16-17, 20	
605	6th Sunday in Ordinary Time	C	Ps 1:1-2, 3, 4+6	“Blessed are they who hope in the Lord.” (Ps 40:5a)
606	3rd Sunday of Easter	B	Ps 4:2, 4, 7-8, 9	“Lord, let your face shine on us.” or “Alleluia.”
607	Octave of Easter – Thursday		Ps 8:2+5, 6-7, 8-9	“O Lord, our God, how wonderful your name in all the earth!” or “Alleluia.”
608	Sunday after Pentecost: Holy Trinity	C	Ps 8:4-5, 6-7, 8-9	“O Lord, our God, how wonderful your name in all the earth!”
609	16th Sunday in Ordinary Time	C	Ps 15:2-3a, 3b-4, 5	“He who does justice will live in the presence of the Lord.”
610	22nd Sunday in Ordinary Time	B	Ps 15:2-3a, 3b-4a, 4b-5	“The one who does justice will live in the presence of the Lord.”
611	3rd Sunday of Easter	A	Ps 16:1-2a+5, 7-8, 9-10, 11	“Lord, you will show us the path of life.” or “Alleluia.”
612	13th Sunday in Ordinary Time	C	Ps 16:1-2a+5, 7-8, 9-10, 11	“You are my inheritance, O Lord.”
613	Octave of Easter – Monday		Ps 16:1-2a+5, 7-8, 9-10, 11	“You are my inheritance, O Lord.” or “Alleluia.”
614	Easter Vigil (resp. 2)	ABC	Ps 16:5+8, 9-10, 11	“You are my inheritance, O Lord.”
615	33rd Sunday in Ordinary Time	B	Ps 16:5+8, 9-10, 11	“You are my inheritance, O Lord!”
616	32nd Sunday in Ordinary Time	C	Ps 17:1, 5-6, 8+15	“Lord, when your glory appears, my joy will be full.”
617	30th Sunday in Ordinary Time	A	Ps 18:2-3a, 3b-4, 47+51	“I love you, Lord, my strength.”
618	31st Sunday in Ordinary Time	B	Ps 18:2-3a, 3b-4, 47+51	“I love you, Lord, my strength.”
619	June 29: Sts. Peter and Paul, Vigil		Ps 19:2-3, 4-5	“Their message goes out through all the earth.”
620	3rd Sunday of Lent	B	Ps 19:8, 9, 10, 11	“Lord, you have the words of everlasting life.” (John 6:68c)
621	Easter Vigil (resp. 6)	ABC	Ps 19:8, 9, 10, 11	“Lord, you have the words of everlasting life.” (John 6:68c)
622	15th Sunday in Ordinary Time (opt. 2)	C	Ps 19:8, 9, 10, 11	“Your words, Lord, are Spirit and life.”
623	3rd Sunday in Ordinary Time	C	Ps 19:8, 9, 10, 15	“Your words, Lord, are spirit and life.” (John 6:63c)
624	26th Sunday in Ordinary Time	B	Ps 19:8, 10, 12-13, 14	“The precepts of the Lord give joy to the heart.”
625	Palm Sunday Mass	ABC	Ps 22:8-9, 17-18, 19-20, 23-24	“My God, my God, why have you abandoned me?.”
626	5th Sunday of Easter	B	Ps 22:26-27, 28+30, 31-32	“I will praise you, Lord, in the assembly of your people.” or “Alleluia.”
627	34th Sunday in Ord. Time: Christ the King	A	Ps 23:1-2a, 2b-3, 5, 6	“The Lord is my shepherd; there is nothing I shall want.”
628	4th Sunday of Lent	A	Ps 23:1-3a, 3b-4, 5, 6	“The Lord is my shepherd; there is nothing I shall want.”
629	4th Sunday of Easter	A	Ps 23:1-3a, 3b-4, 5, 6	“The Lord is my shepherd; there is nothing I shall want.” or “Alleluia.”
630	16th Sunday in Ordinary Time	B	Ps 23:1-3a, 3b-4, 5, 6	“The Lord is my shepherd; there is nothing I shall want.”
631	28th Sunday in Ordinary Time	A	Ps 23:1-3a, 3b-4, 5, 6	“I shall live in the house of the Lord all the days of my life.”
632	Friday after 2nd Sun after Pentecost: Sacred Heart	C	Ps 23:1-3a, 3b-4, 5, 6	“The Lord is my shepherd; there is nothing I shall want.”
633	Nov. 2: Commemoration of All Souls		Ps 23:1-3a, 3b-4, 5, 6	“The Lord is my shepherd; there is nothing I shall want.” or “Though I walk in the valley of darkness, I fear no evil, for you are with me.”
634	4th Sunday of Advent	A	Ps 24:1-2, 3-4, 5-6	“Let the Lord enter; he is the king of glory.”
635	Nov 1: All Saints		Ps 24:1bc-2, 3-4ab, 5-6	“Lord, this is the people that longs to see your face.”
636	Feb 2: Presentation of the Lord		Ps 24:7, 8, 9, 10	“Who is this king of glory? It is the Lord!”
637	1st Sunday of Lent	B	Ps 25:4-5, 6-7, 8-9	“Your ways, O Lord, are love and truth to those who keep your covenant.”
638	3rd Sunday in Ordinary Time	B	Ps 25:4-5, 6-7, 8-9	“Teach me your ways, O Lord.”
639	26th Sunday in Ordinary Time	A	Ps 25:4-5, 6-7, 8-9	“Remember your mercies, O Lord.”
640	1st Sunday of Advent	C	Ps 25:4-5, 8-9, 10+14	“To you, O Lord, I lift my soul.”
641	Nov. 2: Commemoration of All Souls		Ps 25:6+7b, 17-18, 20-21	“To you, O Lord, I lift my soul.” or "No one who waits for you, O Lord, will ever be put to shame."
642	7th Sunday of Easter	A	Ps 27:1, 4, 7-8	“I believe that I shall see the good things of the Lord in the land of the living.” or “Alleluia.”
643	Nov. 2: Commemoration of All Souls		Ps 27:1, 4, 7+8b+9a, 13-14	“The Lord is my light and my salvation.” or “I believe that I shall see the good things of the Lord in the land of the living.”
644	3rd Sunday in Ordinary Time	A	Ps 27:1, 4, 13-14	“The Lord is my light and my salvation.”
645	2nd Sunday of Lent	C	Ps 27:1, 7-8a, 8b-9, 13-14	“The Lord is my light and my salvation.”
646	Sunday after Epiphany: Baptism of the Lord	ABC	Ps 29:1-2, 3-4, 3b+9b-10	“The Lord will bless his people with peace.”
647	Easter Vigil (resp. 4)	ABC	Ps 30:2+4, 5-6, 11-12a+13b	“I will praise you, Lord, for you have rescued me.”
648	3rd Sunday of Easter	C	Ps 30:2+4, 5-6, 11-12a+13b	“I will praise you, Lord, for you have rescued me.” or “Alleluia.”
649	10th Sunday in Ordinary Time	C	Ps 30:2+4, 5-6, 11-12a+13b	“I will praise you, Lord, for you have rescued me.”
650	13th Sunday in Ordinary Time	B	Ps 30:2+4, 5-6, 11-12a+13b	“I will praise you, Lord, for you have rescued me.”
651	9th Sunday in Ordinary Time	A	Ps 31:2-3a, 3b-4, 17+25	“Lord, be my rock of safety.”
652	Good Friday of the Lord’s Passion	ABC	Ps 31:2+6, 12-13, 15-16, 17+25	“Father, into your hands I commend my spirit.” (Luke 23:46)
653	11th Sunday in Ordinary Time	C	Ps 32:1-2, 5, 7, 11	“Lord, forgive the wrong I have done.”
654	6th Sunday in Ordinary Time	B	Ps 32:1-2, 5, 11	“I turn to you, Lord, in time of trouble, and you fill me with the joy of salvation.”
655	5th Sunday of Easter	A	Ps 33:1-2, 4-5, 18-19	“Lord, let your mercy be on us, as we place our trust in you.” or “Alleluia.”
656	19th Sunday in Ordinary Time	C	Ps 33:1+12, 18-19, 20-22	“Blessed the people the Lord has chosen to be his own.”
657	Easter Vigil (resp. 1b)	ABC	Ps 33:4-5, 6-7, 12-13, 20-22	“The earth is full of the goodness of the Lord.”
658	Sunday after Pentecost: Holy Trinity	B	Ps 33:4-5, 6+9, 18-19, 20+22	“Blessed the people the Lord has chosen to be his own.”
659	2nd Sunday of Lent	A	Ps 33:4-5, 18-19, 20+22	“Lord, let your mercy be on us, as we place our trust in you.”
660	29th Sunday in Ordinary Time	B	Ps 33:4-5, 18-19, 20+22	“Lord, let your mercy be on us, as we place our trust in you.”
661	Octave of Easter – Tuesday		Ps 33:4-5, 18-19, 20+22	“The earth is full of the goodness of the Lord.” or “Alleluia.”
662	4th Sunday of Lent	C	Ps 34:2-3, 4-5, 6-7	“Taste and see the goodness of the Lord.”
663	20th Sunday in Ordinary Time	B	Ps 34:2-3, 4-5, 6-7	“Taste and see the goodness of the Lord.”
664	19th Sunday in Ordinary Time	B	Ps 34:2-3, 4-5, 6-7, 8-9	“Taste and see the goodness of the Lord.”
665	June 29: Sts. Peter and Paul, Day		Ps 34:2-3, 4-5, 6-7, 8-9	“The angel of the Lord will rescue those who fear him.”
666	21st Sunday in Ordinary Time	B	Ps 34:2-3, 16-17, 18-19, 20-21	“Taste and see the goodness of the Lord.”
667	30th Sunday in Ordinary Time	C	Ps 34:2-3, 17-18, 19+23	“The Lord hears the cry of the poor.”
668	20th Sunday in Ordinary Time	C	Ps 40:2, 3, 4, 18	“Lord, come to my aid!”
669	2nd Sunday in Ordinary Time	A	Ps 40:2+4, 7-8a, 8b-9, 10	“Here I am, Lord; I come to do your will.”
670	2nd Sunday in Ordinary Time	B	Ps 40:2+4, 7-8a, 8b-9, 10	“Here I am, Lord; I come to do your will.”
671	March 25: Annunciation of the Lord		Ps 40:7-8a, 8b-9, 10, 11	“Here I am, Lord; I come to do your will.”
672	7th Sunday in Ordinary Time	B	Ps 41:2-3, 4-5, 13-14	“Lord, heal my soul, for I have sinned against you.”
673	Easter Vigil (resp. 7a)	ABC	Ps 42:3, 5; 43:3, 4	“Like a deer that longs for running streams, my soul longs for you, my God.”
674	Aug 15: Assumption of the BVMary, Day		Ps 45:10, 11, 12, 16	“The queen stands at your right hand, arrayed in gold.”
675	Nov 9: Dedication of the Lateran Basilica in Rome		Ps 46:2-3, 5-6, 8-9	“The waters of the river gladden the city of God, the holy dwelling of the Most High.”
676	Ascension of the Lord	ABC	Ps 47:2-3, 6-7, 8-9	“God mounts his throne to shouts of joy: a blare of trumpets for the Lord.” or “Alleluia.”
677	10th Sunday in Ordinary Time	A	Ps 50:1+8, 12-13, 14-15	“To the upright I will show the saving power of God.”
678	5th Sunday of Lent	B	Ps 51:3-4, 12-13, 14-15	“Create a clean heart in me, O God.”
679	24th Sunday in Ordinary Time	C	Ps 51:3-4, 12-13, 17+19	“I will rise and go to my father.” (Luke 15:18)
680	1st Sunday of Lent	A	Ps 51:3-4, 5-6, 12-13, 14+17	“Be merciful, O Lord, for we have sinned.”
681	Easter Vigil (resp. 7b)	ABC	Ps 51:12-13, 14-15, 18-19	“Create a clean heart in me, O God.”
682	25th Sunday in Ordinary Time	B	Ps 54:3-4, 5, 6-8	“The Lord upholds my life.”
683	32nd Sunday in Ordinary Time	A	Ps 63:2, 3-4, 5-6, 7-8	“My soul is thirsting for you, O Lord my God.”
684	12th Sunday in Ordinary Time	C	Ps 63:2, 3-4, 5-6, 8-9	“My soul is thirsting for you, O Lord my God.”
685	22nd Sunday in Ordinary Time	A	Ps 63:2, 3-4, 5-6, 8-9	“My soul is thirsting for you, O Lord my God.”
686	8th Sunday in Ordinary Time	A	Ps 62:2-3, 6-7, 8-9	“Rest in God alone, my soul.”
687	15th Sunday in Ordinary Time	A	Ps 65:10, 11, 12-13, 14	“The seed that falls on good ground will yield a fruitful harvest.” (Luke 8:8)
688	6th Sunday of Easter	A	Ps 66:1-3, 4-5, 6-7, 16+20	“Let all the earth cry out to God with joy.” or “Alleluia.”
689	14th Sunday in Ordinary Time	C	Ps 66:1-3, 4-5, 6-7, 16+20	“Let all the earth cry out to God with joy.”
690	Jan. 1: Mary, Mother of God	ABC	Ps 67:2-3, 5, 6+8	“May God bless us in his mercy.”
691	6th Sunday of Easter	C	Ps 67:2-3, 5, 6+8	“O God, let all the nations praise you!” or “Alleluia.”
692	20th Sunday in Ordinary Time	A	Ps 67:2-3, 5, 6+8	“O God, let all the nations praise you!”
693	22nd Sunday in Ordinary Time	C	Ps 68:4-5, 6-7, 10-11	“God, in your goodness, you have made a home for the poor.”
694	15th Sunday in Ordinary Time (opt. 1)	C	Ps 69:14+17, 30-31, 33-34, 36a+37	“Turn to the Lord in your need, and you will live.”
695	12th Sunday in Ordinary Time	A	Ps 69:8-10, 14+17, 33-35	“Lord, in your great love, answer me.”
696	4th Sunday in Ordinary Time	C	Ps 71:1-2, 3-4, 5-6, 15+17	“I will sing of your salvation.”
697	June 24: Nativity of St. John the Baptist, Vigil		Ps 71:1-2, 3-4a, 5-6ab, 15ab+17	“Since my mother’s womb, you have been my strength.”
698	The Epiphany of the Lord	ABC	Ps 72:1-2, 7-8, 10-11, 12-13	“Lord, every nation on earth will adore you.”
699	2nd Sunday of Advent	A	Ps 72:1-2, 7-8, 12-13, 17	“Justice shall flourish in his time, and fullness of peace forever.”
700	Sept 14: Exaltation of the Holy Cross		Ps 78:1bc-2, 34-35, 36-37, 38	“Do not forget the works of the Lord!”
701	18th Sunday in Ordinary Time	B	Ps 78:3-4, 23-24, 25+54	“The Lord gave them bread from heaven.”
702	1st Sunday of Advent	B	Ps 80:2-3, 15-16, 18-19	“Lord, make us turn to you; let us see your face and we shall be saved.”
703	4th Sunday of Advent	C	Ps 80:2-3, 15-16, 18-19	“Lord, make us turn to you; let us see your face and we shall be saved.”
704	27th Sunday in Ordinary Time	A	Ps 80:9+12, 13-14, 15-16, 19-20	“The vineyard of the Lord is the house of Israel.” (Isa 5:7a)
705	9th Sunday in Ordinary Time	B	Ps 81:3-4, 5-6, 7-8, 10-11	“Sing with joy to God, our help.”
706	Sunday in Octave of Christmas: Holy Family (opt. C)	C	Ps 84:2-3, 5-6, 9-10	“Blessed are they who dwell in your house, O Lord.”
707	2nd Sunday of Advent	B	Ps 85:9ab+10, 11-12, 13-14	“Lord, let us see your kindness, and grant us your salvation.”
708	15th Sunday in Ordinary Time	B	Ps 85:9ab+10, 11-12, 13-14	“Lord, let us see your kindness, and grant us your salvation.”
709	19th Sunday in Ordinary Time	A	Ps 85:9ab+10, 11-12, 13-14	“Lord, let us see your kindness, and grant us your salvation.”
710	16th Sunday in Ordinary Time	A	Ps 86:5-6, 9-10, 15-16	“Lord, you are good and forgiving.”
711	4th Sunday of Advent	B	Ps 89:2-3, 4-5, 27+29	“Forever I will sing the goodness of the Lord.”
712	March 19: St. Joseph, husband of the BVMary		Ps 89:2-3, 4-5, 27+29	“The son of David will live forever.”
713	13th Sunday in Ordinary Time	A	Ps 89:2-3, 16-17, 18-19	“Forever I will sing the goodness of the Lord.”
714	Dec. 25: Christmas: Vigil Mass	ABC	Ps 89:4-5, 16-17, 27+29	“Forever I will sing the goodness of the Lord.”
715	Thursday of Holy Week: Chrism Mass		Ps 89:21-22, 25+27	“For ever I will sing the goodness of the Lord.”
716	18th Sunday in Ordinary Time	C	Ps 90:3-4, 5-6, 12-13, 14+17	“If today you hear his voice, harden not your hearts.”
717	23rd Sunday in Ordinary Time	C	Ps 90:3-4, 5-6, 12-13, 14+17	“In every age, O Lord, you have been our refuge.”
718	28th Sunday in Ordinary Time	B	Ps 90:12-13, 14-15, 16-17	“Fill us with your love, O Lord, and we will sing for joy!”
719	1st Sunday of Lent	C	Ps 91:1-2, 10-11, 12-13, 14-15	“Be with me, Lord, when I am in trouble.”
720	8th Sunday in Ordinary Time	C	Ps 92:2-3, 13-14, 15-16	“Lord, it is good to give thanks to you.”
721	11th Sunday in Ordinary Time	B	Ps 92:2-3, 13-14, 15-16	“Lord, it is good to give thanks to you.”
722	34th Sunday in Ord. Time: Christ the King	B	Ps 93:1a, 1b-2, 5	“The Lord is king; he is robed in majesty.”
723	3rd Sunday of Lent	A	Ps 95:1-2, 6-7b, 7c-9	“If today you hear his voice, harden not your hearts.”
724	23rd Sunday in Ordinary Time	A	Ps 95:1-2, 6-7b, 7c-9	“If today you hear his voice, harden not your hearts.”
725	27th Sunday in Ordinary Time	C	Ps 95:1-2, 6-7b, 7c-9	“If today you hear his voice, harden not your hearts.”
726	4th Sunday in Ordinary Time	B	Ps 95:1-2, 6-7b, 7c-9	“If today you hear his voice, harden not your hearts.”
727	2nd Sunday in Ordinary Time	C	Ps 96:1-2a, 2b-3, 7-8, 9-10	“Proclaim his marvelous deeds to all the nations.”
728	Dec. 25: Christmas: Mass at Midnight	ABC	Ps 96:1-2a, 2b-3, 11-12, 13	“Today is born our Savior, Christ the Lord.” (Luke 2:11)
729	29th Sunday in Ordinary Time	A	Ps 96:1+3, 4-5, 7-8, 9-10	“Give the Lord glory and honor.”
730	Aug 6: Transfiguration of the Lord		Ps 97:1-2, 5-6, 9	“The Lord is king, the most high over all the earth.”
731	7th Sunday of Easter	C	Ps 97:1-2, 6-7, 9	“The Lord is king, the most high over all the earth.” or “Alleluia.”
732	Dec. 25: Christmas: Mass at Dawn	ABC	Ps 97:1+6, 11-12	“A light will shine on us this day: the Lord is born for us.”
733	6th Sunday of Easter	B	Ps 98:1, 2-3a, 3b-4	“The Lord has revealed to the nations his saving power.” or “Alleluia.”
734	28th Sunday in Ordinary Time	C	Ps 98:1, 2-3a, 3b-4	“The Lord has revealed to the nations his saving power.”
735	Dec 8: Immaculate Conception of the BVMary		Ps 98:1, 2-3ab, 3cd-4	“Sing to the Lord a new song, for he has done marvelous deeds.”
736	Dec. 25: Christmas: Mass during the Day	ABC	Ps 98:1, 2-3a, 3b-4, 5-6	“All the ends of the earth have seen the saving power of God.”
737	33rd Sunday in Ordinary Time	C	Ps 98:5-6, 7-8, 9	“The Lord comes to rule the earth with justice.”
738	4th Sunday of Easter	C	Ps 100:1-2, 3, 5	“We are his people, the sheep of his flock.” or “Alleluia.”
739	11th Sunday in Ordinary Time	A	Ps 100:1-2, 3, 5	“We are his people: the sheep of his flock.”
740	Friday after 2nd Sun after Pentecost: Sacred Heart	A	Ps 103:1-2, 3-4, 6-7, 8+10	“The Lord’s kindness is everlasting to those who fear him.”
741	3rd Sunday of Lent	C	Ps 103:1-2, 3-4, 6-7, 8+11	“The Lord is kind and merciful.”
742	7th Sunday in Ordinary Time	A	Ps 103:1-2, 3-4, 8+10, 12-13	“The Lord is kind and merciful.”
743	7th Sunday in Ordinary Time	C	Ps 103:1-2, 3-4, 8+10, 12-13	“The Lord is kind and merciful.”
744	8th Sunday in Ordinary Time	B	Ps 103:1-2, 3-4, 8+10, 12-13	“The Lord is kind and merciful.”
745	24th Sunday in Ordinary Time	A	Ps 103:1-2, 3-4, 9-10, 11-12	“The Lord is kind and merciful, slow to anger, and rich in compassion.”
746	7th Sunday of Easter	B	Ps 103:1-2, 11-12, 19-20	“The Lord has set his throne in heaven.” or “Alleluia.”
747	Easter Vigil (resp. 1a)	ABC	Ps 104:1-2, 5-6, 10+12, 13-14, 24+35	“Lord, send out your Spirit, and renew the face of the earth.”
748	Pentecost Sunday: Vigil Mass	ABC	Ps 104:1-2, 24+35, 27-28, 29b-30	“Lord, send out your Spirit, and renew the face of the earth.” or “Alleluia.”
749	Pentecost Sunday	ABC	Ps 104:1+24, 29-30, 31+34	“Lord, send out your Spirit, and renew the face of the earth.” or “Alleluia.”
750	Sunday after Epiphany: Baptism of the Lord (opt. C)	C	Ps 104:1b-2, 3-4, 24-25, 27-28, 29b-30	“O bless the Lord, my soul.”
751	Sunday in Octave of Christmas: Holy Family (opt. B)	B	Ps 105:1-2, 3-4, 6-7, 8-9	“The Lord remembers his covenant forever.”
752	Octave of Easter – Wednesday		Ps 105:1-2, 3-4, 6-7, 8-9	“The earth is full of the goodness of the Lord.” or “Alleluia.”
753	12th Sunday in Ordinary Time	B	Ps 107:23-24, 25-26, 28-29, 30-31	“Give thanks to the Lord, his love is everlasting.” or “Alleluia.”
754	Sunday after Trinity Sun: Body & Blood of Christ	C	Ps 110:1, 2, 3, 4	“You are a priest forever, in the line of Melchizedek.”
755	5th Sunday in Ordinary Time	A	Ps 112:4-5, 6-7, 8-9	“The just man is a light in darkness to the upright.” or “Alleluia.”
756	25th Sunday in Ordinary Time	C	Ps 113:1-2, 4-6, 7-8	“Praise the Lord, who lifts up the poor.” or “Alleluia.”
757	24th Sunday in Ordinary Time	B	Ps 116:1-2, 3-4, 5-6, 8-9	“I will walk before the Lord, in the land of the living.” or “Alleluia.”
758	2nd Sunday of Lent	B	Ps 116:10+15, 16-17, 18-19	“I will walk before the Lord, in the land of the living.”
759	Holy Thursday: Mass of the Lord’s Supper	ABC	Ps 116:12-13, 15-16, 17-18	“Our blessing-cup is a communion with the Blood of Christ.” (1 Cor 10:16)
760	Sunday after Trinity Sun: Body & Blood of Christ	B	Ps 116:12-13, 15-16, 17-18	“I will take the cup of salvation, and call on the name of the Lord.” or “Alleluia.”
761	21st Sunday in Ordinary Time	C	Ps 117:1, 2	“Go out to all the world and tell the good news.” (Mark 16:15) or “Alleluia.”
762	9th Sunday in Ordinary Time	C	Ps 117:1, 2	“Go out to all the world and tell the good news.” (Mark 16:15) or “Alleluia.”
763	Octave of Easter – Saturday		Ps 118:1+14-15, 16-18, 19-21	“I praise you, Lord, for you have answered me.” or “Alleluia.”
764	Octave of Easter – Friday		Ps 118:1-2+4, 22-24, 25-27	“The stone rejected by the builders has become the cornerstone.” or “Alleluia.”
765	Easter Vigil (resp. 8)	ABC	Ps 118:1-2, 16-17, 22-23	“Alleluia, Alleluia, Alleluia.”
766	Easter Sunday: Resurrection of the Lord	ABC	Ps 118:1-2, 16-17, 22-23	“The is the day that the Lord has made; let us rejoice and be glad.” or “Alleluia.”
767	4th Sunday of Easter	B	Ps 118:1+8-9, 21-23, 26+21+29	“The stone rejected by the builders has become the cornerstone.” or “Alleluia.”
768	2nd Sunday of Easter	C	Ps 118:2-4, 13-15, 22-24	“Give thanks to the Lord for he is good, his love is everlasting.” or “Alleluia.”
769	6th Sunday in Ordinary Time	A	Ps 119:1-2, 4-5, 17-18, 33-34	“Blessed are they who follow the law of the Lord!”
770	17th Sunday in Ordinary Time	A	Ps 119:57+72, 76-77, 127-128, 129-130	“Lord, I love your commands.”
771	29th Sunday in Ordinary Time	C	Ps 121:1-2, 3-4, 5-6, 7-8	“Our help is from the Lord, who made heaven and earth.”
772	34th Sunday in Ord. Time: Christ the King	C	Ps 122:1-2, 3-4a, 4b-5	“Let us go rejoicing to the house of the Lord.”
773	1st Sunday of Advent	A	Ps 122:1-2, 3-4a, 4b-5, 6-7, 8-9	“Let us go rejoicing to the house of the Lord.”
774	14th Sunday in Ordinary Time	B	Ps 123:1-2a, 2bc, 3-4	“Our eyes are fixed on the Lord, pleading for his mercy.”
775	2nd Sunday of Advent	C	Ps 126:1-2a, 2b-3, 4-5, 6	“The Lord has done great things for us; we are filled with joy.”
776	5th Sunday of Lent	C	Ps 126:1-2a, 2b-3, 4-5, 6	“The Lord has done great things for us; we are filled with joy.”
777	30th Sunday in Ordinary Time	B	Ps 126:1-2a, 2b-3, 4-5, 6	“The Lord has done great things for us; we are filled with joy.”
778	Sunday in Octave of Christmas: Holy Family	ABC	Ps 128:1-2, 3, 4-5	“Blessed are those who fear the Lord and walk in his ways.”
779	33rd Sunday in Ordinary Time	A	Ps 128:1-2, 3, 4-5	“Blessed are those who fear the Lord.”
780	27th Sunday in Ordinary Time	B	Ps 128:1-2, 3, 4-5, 6	“May the Lord bless us all the days of our lives.”
781	5th Sunday of Lent	A	Ps 130:1-2, 3-4, 5-6, 7-8	“With the Lord there is mercy and fullness of redemption.”
782	10th Sunday in Ordinary Time	B	Ps 130:1-2, 3-4, 5-6, 7-8	“With the Lord there is mercy, and fullness of redemption.”
783	31st Sunday in Ordinary Time	A	Ps 131:1, 2, 3	“In you, Lord, I have found my peace.”
784	Aug 15: Assumption of the BVMary, Vigil		Ps 132:6-7, 9-10, 13-14	“Lord, go up to the place of your rest, you and the ark of your holiness.”
785	4th Sunday of Lent	B	Ps 137:1-2, 3, 4-5, 6	“Let my tongue be silenced, if I ever forget you!”
786	5th Sunday in Ordinary Time	C	Ps 138:1-2a, 2b-3, 4-5, 7-8	“In the sight of the angels I will sing your praises, Lord.”
787	17th Sunday in Ordinary Time	C	Ps 138:1-2a, 2b-3, 6-7a, 7b-8	“Lord, on the day I called for help, you answered me.”
788	21st Sunday in Ordinary Time	A	Ps 138:1-2a, 2b-3, 6+8	“Lord, your love is eternal; do not forsake the work of your hands.”
789	June 24: Nativity of St. John the Baptist, Day		Ps 139:1b-3, 13-14ab, 14c-15	“I praise you for I am wonderfully made.”
790	14th Sunday in Ordinary Time	A	Ps 145:1-2, 8-9, 10-11, 13-14	“I will praise your name forever, my king and my God.” or “Alleluia.”
791	31st Sunday in Ordinary Time	C	Ps 145:1-2, 8-9, 10-11, 13b-14	“I will praise your name forever, my king and my God.”
792	25th Sunday in Ordinary Time	A	Ps 145:2-3, 8-9, 17-18	“The Lord is near to all who call upon him.”
793	5th Sunday of Easter	C	Ps 145:8-9, 10-11, 12-13	“I will praise your name forever, my king and my God.” or “Alleluia.”
794	18th Sunday in Ordinary Time	A	Ps 145:8-9, 15-16, 17-18	“The hand of the Lord feeds us; he answers all our needs.”
795	17th Sunday in Ordinary Time	B	Ps 145:10-11, 15-16, 17-18	“The hand of the Lord feeds us; he answers all our needs.”
796	3rd Sunday of Advent	A	Ps 146:6c-7, 8-9a, 9b-10	“Lord, come and save us.” (Isa 35:4) or “Alleluia.”
797	4th Sunday in Ordinary Time	A	Ps 146:6c-7, 8-9a, 9b-10	“Blessed are the poor in spirit; the kingdom of heaven is theirs!” (Matt 5:3) or “Alleluia.”
798	23rd Sunday in Ordinary Time	B	Ps 146:6c-7, 8-9a, 9b-10	“Praise the Lord, my soul!” or “Alleluia.”
799	26th Sunday in Ordinary Time	C	Ps 146:6c-7, 8-9a, 9b-10	“Praise the Lord, my soul!” or “Alleluia.”
800	32nd Sunday in Ordinary Time	B	Ps 146:6c-7, 8-9a, 9b-10	“Praise the Lord, my soul!” or “Alleluia.”
801	5th Sunday in Ordinary Time	B	Ps 147:1-2, 3-4, 5-6	“Praise the Lord, who heals the brokenhearted.” or “Alleluia.”
802	2nd Sunday after Christmas	ABC	Ps 147:12-13, 14-15, 19-20	“The Word of God became man and lived among us.” (John 1:14) or “Alleluia.”
803	Sunday after Trinity Sun: Body & Blood of Christ	A	Ps 147:12-13, 14-15, 19-20	“Praise the Lord, Jerusalem.” or “Alleluia.”